feature_0,feature_1,feature_2,feature_3,feature_4,feature_5,feature_6,feature_7,feature_8,feature_9,label
-2.23279272771601,6.668874027655531,0.5160699819545137,8.418789763647471,9.738714775325496,-3.6000070537312134,2.6784448699169885,-1.350640136954488,-0.5929746284819448,0.5795344775743381,0
0.4547831598322144,-6.918533551796526,-1.564378292894683,-9.958504069916303,-10.879247980317098,3.024515244600897,-4.472827533192779,0.5652016260723145,0.4059429049250647,-3.5380784262829144,0
-1.3061259613278624,8.322542512261348,1.6071169467857347,13.89674206219611,15.325315703767398,-5.153691066278833,4.802393032155783,-1.7620165173433966,-0.7657084453732068,3.2018609438350945,0
0.560257856929278,-8.53337563254259,-3.2282181710069793,-17.705084406298816,-22.00644377873848,5.790652667197616,-7.21832842716311,1.6148567828565685,1.116482191088319,-4.658037261630769,0
-1.8037691190647145,4.254004327017864,0.2803243334145684,5.528577112590009,6.863845711180277,-0.6707164081995937,2.4288175823110576,-1.530002798876385,-0.14663296868441122,1.4578908595692597,0
1.9902327512915032,-2.0099908442503174,0.5685305102498857,-4.145702059597942,-6.809473009298452,0.16523332636492005,-1.8495054080039637,-0.18300506582461673,1.268268212311496,-2.9210536899326964,0
-1.1553427873015054,3.6430953113775586,0.9720369858799923,7.9250240506017136,12.041815937387007,-1.8577848926008973,4.120685862916387,0.6023311529746709,-0.7317503154591267,1.3073290505392785,0
-2.1240686967634783,12.774541601232544,0.9748776962371356,17.435658104415257,20.976061106309743,-5.680026105093052,7.277110641297906,-2.216280739777641,-2.9763530430603384,4.613993323832792,0
1.4661001476929105,-1.9433644751833654,-1.287686091141588,-3.72274574669629,-4.024311551010917,0.7305676905423992,-1.823205227811231,-0.584928252647972,0.4522989099449178,0.27095327098396815,0
4.2225582207274215,-18.404649635553955,-4.582626735588192,-32.32549481833742,-39.16216018879488,12.560940374436699,-13.910457889765748,2.052491906202391,6.805167988258766,-7.239081560495203,0
0.1510318588941677,-6.457726009775994,-0.5076751408873528,-12.186173105271267,-12.657339434940042,4.30826232357699,-3.3856364310111036,1.0723823019256915,2.3313745028468866,-4.13869186547201,0
-4.2472578345443885,1.3016505192448742,0.10705813266328973,2.420585563273278,2.329697816941951,-0.017842258448761417,1.389851980251053,0.434646432444181,-0.4822950387859044,0.5623386141577913,0
1.6054107454784305,0.05957824968670722,0.22479649990684086,-2.57456082143237,-1.662882285700579,-0.19816369523018837,0.5347653523501936,1.305886399654899,-0.3900985718535822,0.6964850219800965,0
2.477554030581256,-3.380712706068961,0.30771560200250847,-11.898388295107363,-15.37797071663779,5.521347163339543,-4.869040087669303,-1.053167961851711,2.2040186391717174,-3.036187581573729,0
-1.1242590214656085,13.624770454290504,-0.04029718601742105,21.218209063181195,26.347211051292028,-8.367373365905713,8.647021470682795,-2.0397764579954165,-4.169639879774077,5.353336600970589,0
-2.0883656710661977,2.853218381350345,-1.085636929011618,2.6764732085275917,4.8999028707598224,-0.24396618495105493,0.14610067841306418,0.20160150868401788,0.09306083132651338,1.3174060254028843,0
1.7327411410629443,-5.765452218400312,-1.4686177578223651,-11.826260803085445,-14.96196559155132,3.313138005868375,-4.08656986149679,0.9412397832095809,3.2870100118039627,-3.145203182187133,0
-7.82452053764654,28.220014632011747,6.576445588060722,44.91721837811379,55.50953938624425,-16.54418168150162,18.671971831563297,-1.7347234736818185,-7.307056669399089,12.854372028007207,0
-1.8952604477520496,5.169178851104026,3.0071747534156104,7.071810623014607,8.59473571803539,-2.577539157945611,2.6817699671062627,-0.8386936275832138,-0.3254962636302831,4.235337992309936,0
2.147669324398177,-10.164211888675615,-2.330637931570534,-20.314910789850714,-23.765986944427503,7.231339820839457,-8.414823608446072,0.704966941724994,2.9741415176306902,-4.067169038133588,0
-2.894014674993157,11.717267104757951,2.29289482913546,20.368128654445904,25.035021990386866,-7.85470962453792,5.894504044661922,-0.009692342232075157,-1.2705068711377445,5.297296269287894,0
0.44360241042275345,-1.5120081298501997,-1.452915312352615,-4.521019409034361,-4.74703986471252,2.3227692530039494,-3.1332941387110322,0.4220642137161264,1.865733242111295,-1.5034452901690698,0
-0.33112851851407166,3.371342350866436,0.8324652871274436,5.028017719224247,7.465861486446415,-2.274845014904939,3.4757100650376707,0.2017921202426548,-0.9539362830051097,0.6989607412510096,0
1.9599581824444543,2.4642629706592225,1.4354179645983423,4.738038562186144,6.698407690414634,-1.2525067369972929,1.8786493473617993,0.2760773880199985,-0.7074807507691423,1.1868363032323153,0
2.1931537532402583,-11.792023525863856,-1.724820555740062,-16.396283976510325,-20.26997205154909,7.185687803762711,-8.47698850173183,-0.29108489528968795,2.4247235859917615,-4.864017474727101,0
1.611423631640708,-16.72670208506124,-4.490186116999471,-23.858086874835458,-30.73323777992663,8.861842217637431,-10.877197989763012,1.3543139226148215,5.505971878381771,-8.254332629075229,0
1.1274692209771864,-13.583459442587959,-2.0183255840321355,-21.022580689185567,-28.66308177648263,8.431703468515497,-11.040905431973606,0.9694643015733664,4.023377865894701,-6.847353501472226,0
-1.3909908280697565,3.5231237731800946,1.255441902934941,5.281033377350306,7.617240099215539,-1.7275497582716424,2.157747030529026,-0.9605385218954928,-3.244942631472065,2.371753619737298,0
2.088829477442097,-9.791798621338135,-1.0124195819875446,-19.04845108359948,-21.862578692427526,6.28711404736495,-7.179938848710764,0.25581760644623147,4.184338757725114,-4.620876220204914,0
-1.6345321450454442,7.509492093155565,2.2224399901993057,12.442411330260008,16.958552723167113,-4.70621838360522,5.237739697985379,1.050679337511581,-2.639180203309617,3.0946698269062365,0
-0.2839511276613108,-3.3989705328945976,-0.964580948879138,-6.050989008423764,-8.664625277472366,1.8925997388999742,-0.2485304086943636,-0.9970048561516069,0.5257865598799949,-0.24062523817182757,0
-0.47034348281062505,-0.8477459205043966,-0.2956575445972053,1.9410227320479936,1.0345349425520238,-2.1165272239071564,-1.1426932883835066,-0.16793622060543456,1.618358170473023,0.912757913324965,0
3.874539188610431,-15.82768502382652,-4.532619595116254,-22.544641865094274,-30.064536941506084,9.808280719432306,-10.679685690437458,0.824938175288796,5.403907545076727,-8.360120083944622,0
-2.8922244720867125,20.32799464596835,2.5820926494522833,31.53430459337146,39.356402832492186,-10.778377275456705,13.916984040463653,-2.733848595366005,-5.8507089533271275,10.53496759332799,0
-1.5640667827179349,7.230886379128092,0.003882999536412357,13.030760559826636,14.733981002139165,-2.5076328278409483,6.583440943888666,-0.5002665096436463,-3.117788635812705,3.6140342567053754,0
-1.3056863957433364,3.1227766932358394,0.09330508785925495,5.101135319873052,6.151927792024484,-1.5565643243898193,1.1575860019205106,-1.8853169475115172,-1.0906258700348475,1.5984220924518133,0
3.6576239452856254,-12.271557957067989,-2.97182584419278,-22.70511456988842,-25.70816470462135,7.887997142389813,-7.327676389029826,0.8517830666074161,4.327151721369757,-6.207303466233585,0
4.22793971329398,-21.377401409149975,-5.623964674977889,-42.100940342824074,-52.01876632770247,15.02104819142895,-16.454892978520828,2.769047973592652,7.392425402840606,-11.375261010042294,0
-1.867474175428947,3.836330946326922,2.058319694686524,10.243663416236762,10.744620969067078,-2.950022136321259,4.058690791953783,-1.5840617157520391,-1.2878850847565941,2.2182115530998376,0
1.1470367126250889,-6.916080867930229,-1.940743727340413,-13.083382734673359,-15.719373489809055,4.155657881121741,-6.581306857361653,-0.4523393159233423,2.597213590968468,-5.617047733316781,0
-2.3607951563836416,11.96100324673776,1.8474150712627557,21.192751833535613,26.37269560588988,-8.691114383570754,10.170520316562879,-0.767394552680767,-2.968423725616086,5.074741536714635,0
0.28688141087871316,-1.863117161857622,-1.607361195818276,-5.313837256396637,-6.0747653331725395,-0.30613543420573675,-2.3843489176131563,0.28453404235482704,-0.6484883916153767,-3.390706450477872,0
-1.591751126534013,3.197037839428676,0.7280028870030518,4.142855527113307,8.09797761434302,-2.8088663071631377,2.123263372192943,0.5448210279662837,-2.017289415799522,0.6545235986646405,0
-0.3060999765015351,7.597472398306273,0.7424860097901647,10.723647798146823,11.479964233926246,-2.9641518951165673,6.257740199820393,-1.8806853287761403,-1.785095870625516,2.0735864495488734,0
0.9431809600118191,-3.4325145072681846,-0.8253116904069544,-4.04276614873342,-5.042748893050772,2.5865170571598246,-2.798368987085217,-0.5358407193142627,0.21073054717095685,-2.2098570619802818,0
-0.9588136518282138,7.556609356967164,3.4246017487720826,13.318271887224947,16.38257610269317,-3.402714122380361,5.855826788755625,-0.21028872017540223,-2.08407716606917,4.8002142164081265,0
2.540031079271913,-9.395772622593402,-1.8788334642893054,-14.04348319707095,-17.29276109190591,4.9393990372725,-5.224278255884313,1.1276076553360639,0.6243844030407784,-3.5021071797566354,0
-0.8077976995062957,7.9582657244693165,1.4387655173119973,13.231637792374409,15.242820981523636,-4.344678959163173,4.5221712885673195,0.17356429374298055,-1.706128815958976,4.934840489141669,0
-2.8927261138538687,14.571483792801523,2.9665721246430286,20.41301050603408,27.419956274130122,-7.552612965151057,9.38039383097044,-2.3378428104875963,-3.8910122155549103,6.144335224918956,0
3.059649723179609,-13.727139615553048,-2.7599809784227403,-25.101556111624422,-30.73918776504554,9.28314452002205,-11.20189085418032,1.8637628020331527,6.6648682551863185,-7.675279648175102,0
3.0270940746683186,-9.966338340731527,-2.96912423468956,-20.096628765712843,-23.932667556865727,6.940308458036901,-6.505312891638915,0.8188323599625088,2.0324713603131723,-5.05943911008295,0
-1.7387917081842907,2.287351031941043,1.2647278694339843,4.029858098853071,6.132711252568689,-0.1463567567946109,1.5954457083391635,-1.448430600571863,1.3845980514900205,1.5088660464119985,0
-4.152830222239379,18.602481567756723,5.832254497170693,29.669359458122734,36.93918834184051,-8.805621218296636,12.18284009425965,-1.9171603983029268,-6.041667471052153,7.778977941102529,0
3.554302444759867,-15.247601102691885,-3.729270558325825,-22.769942854961297,-28.402200103157877,8.596585932910372,-10.496791568574645,2.577018987220338,2.7152897660602324,-6.321470753555798,0
-0.45215096092499996,-5.846018611781584,0.9966939124338559,-9.204639755303102,-10.412489413998673,3.2616072716991624,-4.650508446575311,-0.15165449669341613,2.095480490937746,-3.6643052465291177,0
1.1455787404942448,-4.345699398941314,-1.1565600346049614,-8.870939837430031,-9.983002416741062,4.272722909729927,-4.398748964265872,1.0845772893772256,0.6868161131273596,-3.2450393682747993,0
0.833076182968363,-4.972011643309953,-2.708285686174591,-8.729760916340899,-12.806095662407735,3.2460339960828843,-6.790993216254831,0.7088536825042773,1.9086396479132093,-1.4009406830228672,0
-0.11616170265736739,-1.540337651547236,-0.550158867250718,-2.257028745203496,-3.332040764757485,0.2535387059123224,-1.9320413331972686,1.096183741256953,0.8800383243820565,0.8352311477779437,0
2.9178069680451686,-11.789851681102977,-2.768477436053314,-19.4871983133558,-22.296486368482626,7.069659081787644,-9.262245048544594,1.3118951078105705,2.045634478335371,-5.932348804479124,0
3.4238512037919255,-7.396389869593957,-2.268343719784793,-14.369941774128561,-15.830049075068384,4.267459731868491,-3.6445607389649575,-0.29741557057910506,1.8180128258612451,-4.487999614968141,0
-3.644901208407826,12.219767753179429,3.0987227174090908,20.210018866160897,25.517442434899348,-8.363409716655728,10.475305131213789,-0.22248423980279342,-2.789673695853592,5.437990847318527,0
0.36854006781508764,-3.2006616238832497,-0.14035766394772903,-4.602002815768065,-4.409188457369061,1.2641286938535896,-4.139122296623125,-0.97838579471608,0.05748491233315996,-1.7045361019893774,0
0.38931002609997023,3.018194372504263,-0.4217569425387189,8.066951185579303,9.418969006000557,-2.110655693669395,3.194690421594417,-1.7053317149284637,-0.5561608142899495,1.6866556214164075,0
0.8659030511491056,0.3504085669934602,1.0158308986593154,-1.770443779260288,-2.8819588637401083,0.543744416670844,-0.2864585142039082,-0.8177244046460241,1.452260088743335,0.1794341275167789,0
3.4276422843366547,-18.166250337377853,-2.463365428424214,-26.42997436491439,-34.990677419424195,10.115179007358535,-13.474357000207597,1.5928527161374912,6.9888966474958245,-8.113623107214474,0
-1.2565729982559084,4.4225327351486925,-2.4623471651159274,7.86983253448795,10.136281711261626,-3.5864144790134067,1.4781236251100984,0.14047151221124415,-1.5961724679460731,2.139023341222627,0
0.6707520403817133,-7.041446876947598,-2.7097471856315773,-11.539907468018933,-14.7704375635098,4.678754306583238,-5.447882004124134,1.0810077317797346,2.72098471363342,-5.372375999317952,0
-4.490191063641081,7.543788977918742,2.3190450573413393,10.459715494026135,15.184904207710293,-5.1808292456867475,6.31579935331908,-1.383333461274939,-3.0599941801763895,2.5453178821329585,0
3.343984789103772,-11.204599411337316,-1.3122675426423789,-21.07611907840147,-24.48370080577893,7.038623152595945,-6.909133711197521,0.7894500419935271,3.4041632008950877,-5.749433434231098,0
-2.4485690054455125,7.863976282505686,2.1692965055609417,11.809667610102496,13.926045527023893,-3.8366837312622497,5.735599827797374,-0.7843501180147952,-1.3364533646246894,1.4582272808233976,0
0.6444763374354644,-6.956072435696308,-1.1454580503729879,-11.806586527735695,-15.339842327533066,4.382262449781978,-5.220740276011955,0.12007242719000555,1.9432564078997003,-3.791663708373673,0
-1.000401978640045,6.719063890378524,1.5643220603836347,12.85614915282081,15.945333427442948,-3.106108462216477,3.7943011519356133,-0.20184466504352266,-2.282131942824843,3.171650236252518,0
-1.5588342608275172,12.157947701437985,3.3437044726596814,18.69155923875057,24.5952183993756,-7.77275044133245,8.029031218383873,-1.3836052164215393,-2.9672027461932475,5.631025413396793,0
-1.2675609247718962,2.4149239339326125,0.28688985516867727,3.3042015648174434,2.9916763718749317,-1.6146760378115381,1.9713238819865875,0.16523941873371822,-0.20314246470028582,0.6763673260924302,0
2.0177631654432817,-11.422018795054008,-2.253982734265006,-14.464643726695122,-18.64513144930323,4.729648441976538,-6.363759742257425,0.9164205071024111,1.988142333577947,-2.9406064352672208,0
-3.526848363727149,11.692436027405364,1.7596031154809353,19.027470162213895,25.166423100469444,-5.9223805401803835,8.402815192999217,-0.9023294241210504,-3.8154191541551543,6.237680447523025,0
2.8477591006388927,-8.210432481736767,-1.9365176600847844,-15.106000919063419,-16.52551190421564,3.6464347387399463,-5.720400720425654,0.9792359696703851,1.6324638121502903,-3.811608335081692,0
1.3336754932675543,-4.103986767617348,-0.08678001705717459,-5.4891779898049755,-6.657266366304031,1.1853989564202796,-3.2156798235066906,0.2462406566316738,2.165280790104948,-1.4335098374258428,0
0.6688899641537036,-5.162300224786328,-1.369450728224749,-6.854791719602056,-8.738058799332329,2.7986485439845126,-2.604782402313983,0.9025568183357884,1.263313455489101,-2.3221609343696774,0
0.736615926947639,-6.2386530737053985,1.0820552836222395,-8.421107252123779,-10.175125288331927,1.3365210637422238,-3.9283910470750563,0.9178992015040073,1.4434738222341035,-1.820418825571604,0
0.08876434422207402,-7.2312360382589285,-2.4265629008861196,-10.750936531106154,-13.773132916341808,3.65076930092562,-6.704729701312255,0.09629443832035756,2.829100338993214,-4.602926781013024,0
-1.3154564297433313,8.614451846714381,2.233485813604032,10.928806782769483,15.688856563093834,-5.15021841832586,5.425829841894752,-0.5608431496511872,-3.0288154586108127,3.7941586367323947,0
2.0592503626239185,-4.9337187438696235,-0.8468795807020412,-10.811656012155813,-12.695841602141007,3.2003283682543007,-3.091782635452587,-0.055072047950832224,2.90421296594216,-2.809060363216118,0
0.7329999264469623,-0.7137986881237106,0.9078264043422679,-3.7491126674769193,-2.694018067848769,3.415811193361982,-0.2638976672612263,-0.27816000421805376,-0.5457300667216198,-1.407253944730234,0
-0.6261011576297437,9.001902653086454,0.5938755922479309,8.664272258630623,11.675610344223248,-2.610508668754824,4.781286017833249,-1.177762586596816,-1.759666625439106,0.9888170641832906,0
-0.2175162693784333,-2.6168722482106785,-0.14507326645385588,-5.2096693067826045,-5.565435072811963,1.0635833453744965,-0.8776479049822921,0.2111545000532657,2.071856365305748,-0.26739778648464735,0
5.642843529162934,-24.348164361526642,-4.382998181939182,-41.218103074567665,-52.53636885075566,14.307807280952527,-18.74694352253263,2.5028201155536998,7.55440335605157,-10.790163326409761,0
-0.9745589700612698,-4.3381907551770995,-0.20754190810276976,-6.841382710677991,-4.841435153599591,1.0117318197563927,-1.8901624466525986,-0.0030519809687117316,1.7479759029934787,-1.367517302006604,0
-1.0882387676417975,6.77127435064345,3.2200962693069504,10.444777361113612,15.643054868568328,-5.432440532811394,6.629895322046121,-0.6977273395344581,-1.4536419735450488,2.450961130436752,0
-0.21932064743053914,5.016580960866152,0.1528287531477115,5.180927654098961,7.690726974367244,-3.4441511314871627,3.2296298533674164,-0.4555487893275293,-1.006513603360566,4.357059480572455,0
-2.761895541299416,12.429154784381609,3.1078700279317317,19.574330364008542,23.285990193918124,-6.727061728482716,8.178167966135671,-2.1446508043369468,-3.4457647963719134,6.257786042939022,0
-0.9422010827404104,-1.6347446289072578,0.5460562406723094,-1.7270445982389306,-0.9713650474207312,-0.2818351860194723,-1.6698923717342038,0.028893852928400465,-0.48630515394434887,0.06574053236210044,0
3.395270614431303,-12.898820341192728,-3.3046695948535216,-18.37227247734033,-24.410694628344096,6.373008296908214,-6.818655300894741,1.617444681504566,4.910604186766589,-4.940329224298469,0
-2.2389882256364095,4.437069829266127,0.8880856800786658,4.646597197401427,7.8767847572804515,-2.4139841600783987,2.630057477356276,-0.5180402547249029,-1.3298441654040172,0.5632786946499666,0
-1.860385662820892,9.159625292154605,3.7654139932509887,16.95617809419418,23.265549785645046,-6.47550056997663,7.825683748936875,-1.7236378064838436,-4.633277908108049,4.6177954650858,0
0.8699955601939018,1.2293406848770825,0.002376491395294944,6.474238406004342,1.7540477784958237,-1.3220947771134002,2.112313434870936,0.5058385160427673,1.396633312509736,0.5494707162576118,0
2.2517710974173424,-11.41290737293756,-2.5965661243588523,-17.17813088196265,-21.588850962917306,5.85599808260657,-8.14338133548946,0.6730575402834543,4.987841992852811,-7.433404145541332,0
1.1428547476273032,-1.7353749755060668,2.1807385715185803,-0.24438212781491342,-2.3557418257949982,1.4554047109205408,0.029741414090015628,0.02561144810688787,1.6415697915865397,1.5823007062036176,0
-1.2023999960622107,2.041295577152173,0.3201326528631452,1.6931133285062863,3.7030995680358467,-1.8783862362844614,1.558077870934232,-0.548099768519393,-1.4013453537115337,1.9597845178244875,0
-3.665802477436297,16.762433603643213,-0.08759044671291649,29.099111961550793,34.81180808678085,-8.818143512106598,13.089671934770822,-0.6664355500067362,-4.914241927477997,7.479708810613767,0
-1.3599238780055185,0.6543140695714424,-1.1943242011355875,2.5239273350830684,3.6469264895411193,-0.04100139870316005,0.677387999451661,0.529280533134923,-1.1770769655021738,1.7081704132303308,0
-2.980239423239676,12.29357804671973,2.1298518951857703,20.174445592266913,25.239371242095324,-7.386033605299599,7.579619899108728,-2.247409144005765,-2.728071392387316,5.151067377375938,0
0.4402570708898679,-7.16287304961448,-2.036873832859683,-9.583849149124303,-12.749549740261331,4.801937224215151,-3.6370763454991684,0.16887720277094895,1.475641136098968,-3.160426770740224,0
1.9482973887946315,-11.824109789695008,-2.588422481875927,-18.71167414700096,-25.366312548170615,7.164729040396999,-7.5596766163425455,0.5861439878614185,3.6883656184119022,-4.862741898936717,0
0.6377300046469799,-6.617774589452252,-1.0084013704533101,-9.863172607871943,-10.769501191072573,3.9932257045483217,-2.0552185386634703,-0.2994123591804193,2.786148368059013,-3.311800571852008,0
-0.12308441112158208,-3.9393135033355215,0.587262526168901,-4.283529540826748,-5.791908436368817,2.626198601649098,-1.4524486688588822,1.2874684322121568,2.7752717921046828,-2.182799307043182,0
2.2239134744942293,-18.55247880600595,-4.312164184257959,-28.645274954224085,-34.47988365904604,10.202497909778495,-12.553378123480213,1.1937097256805362,4.3438040479284235,-8.999536543378337,0
-0.7709880720900029,5.7476364117358525,1.030776784627656,10.798887088747756,14.366857240321812,-3.7580230879384025,2.401213913325721,-1.6976349432749291,-2.369120421104822,3.6662269048516163,0
1.9557082337298128,-7.290975297096772,-1.0049719936586576,-10.13175907300405,-12.38969323623494,3.4894132485527836,-3.074204000233439,0.4594841193240339,1.3956029339318263,-1.4054869163685524,0
-1.9866039601444019,16.525484634528734,3.8682578237985474,26.39298158702895,33.91319343729941,-11.514424540443608,11.388333570200762,-0.6127102718544597,-4.403685584272131,8.521142712387611,0
3.4867014293272294,-12.977296656241093,-2.5671788069425046,-20.707036658669683,-27.62916234092294,7.0325517320298605,-10.85584218874271,-1.1183656847378065,3.527024775499573,-5.848798878695881,0
1.9055238992532022,-6.558765519032842,-1.0158288715656039,-9.955952847966797,-12.289042949420132,2.5922146795964753,-5.065771842412339,0.24815086462509245,1.517515185289007,-2.1341980408278434,0
2.8752452075047437,-17.17392782608877,-4.286486361771981,-28.504967408226907,-33.22758891471444,9.292504553963623,-13.246334301263904,0.46417274088636673,5.747889011906033,-7.689188413315585,0
2.555491560966054,-9.450119716791246,-2.5916399735028506,-13.588849808301973,-19.772081142908753,4.191541540727856,-8.475033698989213,2.943958272035899,4.268648439115465,-3.944961276999333,0
1.049128364900969,1.4549481188865752,-0.5238990926320978,1.9145986220702322,4.669416606794645,-2.633636190384453,2.670200400148456,-2.0897341115478554,-1.8634269504171384,1.5060537123556441,0
-2.148977054222737,16.300912321223457,3.8913661220875637,28.014108112814228,33.49182989553793,-9.13953006173061,11.414774070426304,-1.1325462313550736,-4.143245093614585,9.043148573743755,0
2.9137010763612703,-14.948688157994678,-2.3163071206081143,-22.793312428104063,-29.19363204254958,6.550531646566552,-9.222067037482704,-0.4532733536897919,5.650729725772445,-7.276928268040281,0
-2.9509257663027553,5.318586305528671,-0.10631022834281723,8.675508582188485,10.708615706755445,-3.2608977958651986,4.689797058933574,0.9333232221219627,-1.4988432656425443,0.7152569194063745,0
-1.783844327152406,5.550664831438325,1.1000980966078238,10.381141518347166,14.165537060266733,-4.840790329847945,3.595656876662259,-1.0225967355392558,-1.085941937570719,2.7990055697292764,0
-4.584932098621786,20.64236136870524,2.5393079343995546,37.285202504827595,46.58096812323849,-13.973656885156156,16.03533004420614,-2.6488656318734147,-6.572470523280479,8.663775179203512,0
-0.06514224901182475,2.0890809006626725,-0.3134904949411732,2.324023475705648,5.794158533278998,-3.093908107321596,1.750386084534703,-1.3409272163987564,-1.1457285966737778,1.5409353324684372,0
-0.3911791035701351,-0.7625262361644574,0.1522359263852831,-0.030580876628747422,1.1523808526477515,0.3925825890621688,-1.8695939501745658,-0.5562273223381305,-0.0987143384455217,-0.0099012014501286,0
-1.725714681993988,7.978591939292154,1.7016587420616753,12.18298161632684,12.509561812045082,-3.2594770194893385,3.3017546619416493,-1.3769652214779244,-2.965222828837928,1.1451941354667448,0
0.04429381043006875,8.373894075661035,3.1368584275495106,15.654169978380972,20.38348705667516,-4.202289143148768,6.337867671461977,-0.0026940367314814972,-3.6634619519347815,4.9305643526055905,0
1.3461365190558607,-7.693483851250902,-2.5043111969888106,-11.394202331473934,-15.936936515049796,6.368455865888523,-4.570029681463084,0.25175913820074536,2.4473625925084344,-3.9381928770881625,0
3.1825051755264653,-18.53661084529054,-5.601236926527442,-32.66491286246144,-43.30652674980758,12.978485123297615,-14.698355173377632,-0.4911178737257026,5.655524631637306,-8.186811722485484,0
-4.4561672000704675,10.509989563868466,1.567941208877773,19.209866150115527,24.19513390486313,-7.2435506068016515,6.542485094227338,-1.168546912088823,-3.5503608416255403,5.471827161560036,0
-0.4901966963010447,7.056133035418371,0.3416450390365209,11.177222532936286,13.656890946824817,-2.4064868024004022,3.914035320446887,-1.8863426793223566,-0.8276265451496757,3.851059820497081,0
-0.07452030788075892,0.12187612485876181,-1.0824814146710338,-3.881723905016934,-2.8291241410208765,0.7052059897409708,-0.616574027722613,-1.7999342613578346,-0.8395057139404176,-0.2963438609153494,0
-0.22874130711546664,0.2256607346828598,0.8955748061833004,3.9663728824990327,0.9307322239318658,-0.2616003345858713,0.04631300433577734,1.8224230112274027,-1.2368858400199079,1.7681400181677007,0
3.655495988075538,-7.818980282454535,-2.7124016531307795,-13.151064727925634,-15.305051731827499,4.5475799615762575,-5.396222842496197,1.5385415720703126,1.5928178148923962,-2.615426154304035,0
0.13438313051351158,0.037751385696105755,-1.6527644044079,-1.7851047699601548,-0.11793320578656674,0.3836175093500692,1.0498278521709647,0.7055451858282673,1.398933657646624,0.7356721988195524,0
-1.8511798785758893,5.902039471151244,1.5227321980892108,9.085641071206366,11.897070743008188,-4.092031219311377,4.555377184037338,0.6498475397191784,-2.8878973942027555,1.0460397247032818,0
0.48435093940382834,-2.6173130528744797,-1.2162088006341092,-5.871984816794422,-3.675189685283593,2.5085513801679964,-1.0704969103782362,0.36579223462275745,-0.6895458777144567,-2.5277294150554517,0
0.1046636432167578,7.5253039182437345,1.55363431202686,14.682674396109903,16.757094528340453,-6.90792293253365,6.345730540358858,-0.44063049848456026,-2.1036722150959983,3.9035234974145605,0
-0.4669794305437005,8.605551547257008,2.872554910121176,14.613202868219348,19.402423636408336,-3.4894925375494896,6.008368056490496,-0.04459611586194545,-2.81481410636915,3.7247959808715154,0
5.262487632513947,-26.045344613678335,-6.346112764909792,-40.784605542468675,-52.23025847758597,16.63125613011234,-19.413806788297133,0.9299928665362648,9.528371722182746,-12.738565076881256,0
-0.19057291273634952,2.0321613629652733,0.7859923200094983,2.1083514018691267,1.346717355178908,-0.6982220745501335,0.41546707006609607,-0.29331418726872216,0.0446818538959028,0.4567774796612248,0
-0.9274669199322743,1.0901980164802463,0.5404125687523789,1.3420451983393702,1.8256893160743521,0.3065484433987291,0.6748885060183396,1.830592011703812,0.14477902834679598,0.034015971559883854,0
-1.1499542372901068,6.160615015153491,1.0348361847734204,8.813423518381605,10.311153243492877,-3.6158782420411413,2.56366297386567,-0.1349751634050822,-1.7250962611031426,0.13167467790551352,0
-3.0949980508432477,12.272891279677523,3.3910183199556196,18.554683387862063,24.603537866556536,-8.421010265804368,8.367325749732187,-1.9019360771785112,-3.9441445366117507,5.314183665987231,0
1.49479505195399,-3.3619757199155202,-0.26455785787267705,-6.261618713577587,-8.143718485900942,2.716246247207951,-2.04245687861956,-0.01473718904793997,0.004909351549483451,-2.9789856778676214,0
-1.0914287371943026,-0.44457307199104384,-0.4912654979798641,-0.9777319256361181,-0.6604586467854635,-1.9734041606975898,-1.3831854395119745,-0.8902218141207698,-0.06058569591822806,1.37807508978001,0
-1.712492114714114,12.052628848607208,1.356546623114013,19.40357637545213,24.7825218646582,-7.588304686022463,7.972940315214137,-2.16202240002528,-3.7575829232107805,3.5891274913011535,0
-0.6886724057705286,1.7512064311776543,-0.5468798596149879,4.295918169732458,4.983480502087673,0.0741380498247241,1.984979403061495,-0.09904252034016225,-0.05829416921438963,1.4905906290682727,0
-0.6324537809850043,2.25262307366249,2.359391889659655,4.654087028031853,4.468121431386909,-1.7280235431311652,-0.18025872794837605,0.7065978341640683,-1.5846502288688025,0.6528662163362751,0
-2.2730663138721,12.262129140532094,0.42887786637135905,14.729966146705477,21.396691852794387,-5.946321539358686,7.889052777259463,-1.6061203879583728,-4.0675157700644435,4.730677881806652,0
-1.249445673190709,5.072448552219528,0.6500919398676919,8.683114115513545,10.510130250813013,-2.163412085280511,3.5490443954363142,-1.777751129705826,-1.030597296769401,1.2714788157996382,0
-1.5070884082075833,15.217032204101269,2.7909586000377464,26.03282195188744,33.550248319928166,-7.80992077082786,11.2827715021992,-1.9926346817271858,-4.639127273410485,5.416024881680045,0
-3.830456838363041,16.495079208328992,3.92926735475719,28.63068769865914,32.38248465826517,-8.549692214969427,11.52264636155129,-2.3299080739891402,-4.661030913682569,8.865596219690243,0
33.3165429359336,6.761242639265476,7.428488829456728,-1.0315876624732436,5.089007431544874,1.2284767974979331,3.767995447685307,6.745765013749425,-4.306015586009373,-1.8118737011065527,1
40.03193815841992,26.592190822723484,23.999075963472784,-3.0878170206120625,12.61422985790679,11.180277143999435,7.290092994333894,15.29683668519545,-16.445652280634857,-2.7511807964652633,1
36.86367526727801,19.034800021236723,17.57707489942929,-1.3566140124785262,10.281815440263284,7.167742756351051,5.218576773568663,11.754864266996522,-13.195619807439027,-1.9620123244226761,1
51.237676229724116,52.20969101192441,47.05465725612754,-4.253050857927582,26.197314399418286,19.160033968239354,14.203030290829728,28.80853345377409,-34.4072240950007,-7.510962470325291,1
34.87143608499026,12.882152944381804,12.770908996696196,-0.39406489791095295,7.381864593110557,5.307544644788828,3.8259028741900383,6.937085958835097,-7.680142526966309,-1.5599122375243064,1
25.295168649027843,-8.96748818248992,-9.01610179293066,2.5186057217175746,-4.906266564809432,-5.077483141200458,-3.3123721108800366,-5.20858224361803,7.776840792845386,-0.42576691700351854,1
36.70383760561158,15.326471219687162,15.6136831580918,0.9162578864820082,7.947851140120758,4.487947574441171,4.729289036636897,8.609418904892303,-10.22687349963117,0.08581974629439472,1
34.3534933016587,10.508418521095303,10.288180328986854,0.46886029005191837,4.855125936974735,4.8611661753421185,4.883595252809367,6.060267966329538,-7.105590273759063,-1.7356652275353623,1
29.605363952245597,-2.2860344792388396,-1.0489208034440387,0.04910361867666463,-1.0184898080295348,-1.7008830337766763,-0.5221477626732248,-1.1482180677152023,2.8078316844079323,-0.3717414307121887,1
39.477380466770036,26.858894736043894,23.293584571753296,-0.8060954297877825,12.849978506302497,8.34876305430085,8.158838682623912,12.8874982882515,-14.77045408695468,-5.578702576042361,1
27.97526591988543,-4.4246966566202985,-0.8488696607933712,-0.981180731273826,-2.356449427848827,-4.316450447937235,-1.5765099946795664,-2.3209784247540957,3.7929253257858067,1.2266235948299247,1
19.102448697522817,-28.275131191937877,-27.033531411242702,2.5592252013080126,-13.729348069309815,-9.733837066272848,-7.315006072598418,-17.012915204349852,18.57408568327743,3.5120439187421617,1
22.86785330079679,-20.549963031528964,-18.851938532247924,1.9600715647251685,-10.176364668700419,-7.944333457680233,-7.939465674676489,-11.49418988957014,12.835505489347119,1.472438499605507,1
34.938832158711875,9.64555480212751,8.322222439748375,0.15222095988473244,6.337052941359409,2.362247623329796,2.818086964785778,3.6892143258225722,-5.320997859541424,-1.8875802380612081,1
39.64003000417877,23.70435727150501,21.662077565134094,-1.3329728468174473,11.552624550279894,9.391578109217711,6.716158785287691,12.619100831001614,-13.504536936705128,-2.650373943603216,1
26.086852929107028,-8.35949070703027,-7.684725510323324,-0.931677222164526,-4.986247173769323,-2.2023269904004947,-3.499646473786866,-5.143956804378484,4.97411210264802,1.882941063242728,1
36.034602799292344,13.541595344129126,12.591979883046314,0.0749772065060269,6.542876020034339,4.580876678130659,4.71767280167539,7.233807372979344,-7.219568067232455,-2.6791245165338013,1
34.222018479463024,11.319415625984702,9.878906322785904,-3.376676973711067,5.9510852736247895,6.6985186744640774,3.724869088471088,8.032309393512886,-8.13666782636287,-2.1471043077550918,1
35.00763077046359,13.733712322828724,10.699726761932213,-2.5933815291757556,4.7377613743555935,6.735257911578388,3.993691978150105,8.185346099719316,-7.6598084453515005,-2.9201044834752383,1
33.5483911215811,11.2991994673286,8.716800202657684,-1.2927057562474573,3.6916776118430956,5.013426980249613,1.4782931830539985,5.524866171952276,-6.352769631532138,-1.8381235402503808,1
30.064338977975705,0.36660705878242494,-1.8808744755006002,0.020409786548649944,-0.5643813985127902,-0.5303592801585917,1.019648805440549,1.7742901913518612,-0.5757915789439548,-0.11345534392593304,1
23.822692705092596,-10.406526577358472,-7.676630100894912,1.1909403295167538,-6.357102338617908,-5.561881828934642,-2.7571964494775987,-6.671948587824013,6.160726391537974,1.0899915101925401,1
29.588640222741315,0.8519949158397517,-1.354540037655349,1.1763582183277268,2.232099500953592,0.3801074705497696,0.8152660634570973,0.038946626008452556,-0.24810684823253226,-0.15718634040500162,1
33.2609206911298,2.5367316131855784,4.524890950680858,0.2724619246640244,1.7070118079180887,2.9824186504847914,3.3785635340433604,2.7371201453530185,-3.3438960040062438,0.9860551462704209,1
35.7231732142114,14.748002013520926,14.39947252824093,-2.2929141944876466,6.702790678665524,5.43218861860867,6.6679163396829395,9.235792360639536,-11.81414021758634,-2.053944971748669,1
25.24940644528953,-14.856109843688266,-13.46152403193739,0.14305499333369132,-7.76805304504066,-5.1972100096894795,-3.8754627376594217,-6.150996605093259,8.703384258638716,3.0405232864159393,1
31.943866715730454,8.285706789335062,6.523495314355997,-2.186096643306922,2.3553176689957978,2.9566949215911875,2.0271692410951156,5.414442209700934,-4.948065197756805,-0.14003295541180102,1
43.092001314536745,29.512778569261545,27.987068492743404,-3.0831371733927537,16.044817026503658,10.149592262827689,9.0838988265214,17.569296503888864,-20.581032167572015,-5.370991409042,1
26.854589398555813,-8.731039727711906,-7.690573283694809,1.9535814907436118,-5.025967750923469,-1.040030441194148,-2.8006138160830587,-6.455190077135132,6.3731454590259276,1.1357999367242864,1
30.645649128904036,1.202945658497511,2.200272921807101,0.32764631882637085,1.1629556270250956,0.8744250230623201,0.05316311957940112,2.6035774715033613,-3.18122859794526,2.0980802949127244,1
26.979385643537775,-6.663252799558744,-6.283566154246093,-0.663428873505885,-5.969637912281015,-2.105914175365907,-1.087253626246833,-4.152706725898684,3.991521097386761,0.07545493042441716,1
15.454368234242333,-35.3911810615038,-31.405948558099443,0.8618035335920275,-18.05266021209157,-13.98216273173945,-11.000108870821991,-20.951821618155844,22.678735157336504,4.919020586378545,1
27.497988631120457,-5.991069380233122,-5.949734081493665,1.3765433575348833,-2.0338839580285377,-2.4526875021641574,-2.3066936657341155,-3.476421914068883,6.651668130306524,-0.10515327436161634,1
36.02624995433602,13.77326302104245,11.108707405695881,-0.6045008307192328,6.120485578560805,2.101922088754515,3.6404005535276878,10.147734284680553,-9.522385546903081,-0.7155754897234045,1
38.51831950630978,19.275291840610173,17.35796727601477,-0.9999709714314677,10.19667484560461,7.389022498764261,5.326123623225566,10.378196232108476,-12.711063672816028,-2.983559495755957,1
28.794917061544563,-5.400408750918638,-6.293459472705964,-0.33317236564481173,-1.9338467859077508,-1.9184047158187707,-1.1922481482732827,-2.9633894914576695,2.624078700078843,1.4555653505594317,1
31.43979593689044,4.331095282313166,5.316384982670994,-1.2064342578125695,2.408168265085909,1.948118932840638,1.3936024460360976,3.0696180594510336,-4.998692002256505,-1.129462829853943,1
40.18627101464601,26.37887254615931,23.812096298809383,-1.2188810594452097,12.102544084972811,8.16024986941751,6.391582583282676,15.054104629900454,-15.48975512332898,-4.95046438964193,1
33.46395575948883,8.932720477824393,6.600126222509885,-1.049563869833154,6.373980698944726,1.914870885057677,2.2668239295827934,4.373493020309647,-4.465746785855914,-1.0842934331342922,1
39.29915181655632,23.921312347387275,23.72521145780049,-4.106364180746535,15.054082223597772,9.341365813925346,9.09500842794646,14.920444713549657,-16.734423067224174,-3.9887165259691857,1
23.296647545199953,-17.13194026720293,-15.21009836533565,0.8015023756305415,-8.322927758411435,-6.060329815603179,-3.231764984435462,-11.364106856885451,12.191578599705124,4.133301069716194,1
32.37753169016149,8.394968540732503,8.479767184171356,-1.7604301754653549,3.276059454843721,3.351309570519791,2.6345594319399757,5.891377006284243,-6.692270088718716,-1.4797015623925303,1
21.201430785246778,-23.910704005157616,-20.618677914669156,2.352011163917169,-15.091066082938159,-10.101640904510814,-7.130012456734086,-13.660917278059253,15.855682383339852,2.756196184440289,1
23.97255407278497,-14.17973208637432,-13.915714465354784,2.0636253702765286,-7.996584182394722,-6.433384675039697,-5.576661979021117,-10.450091326530528,11.3515725634233,2.462345288060137,1
34.850909924572775,16.027972770432502,15.274638998151952,-2.9718841141258068,8.710336819398293,6.094153759681806,5.377816903784635,9.25225481266886,-10.385296943287944,-2.1121438652848306,1
28.364588643542998,-1.6145846479114083,-2.4450836503798157,-0.12580001180448974,-2.1576958110604827,-0.3442504472590546,-2.4240266225782485,-1.9560281514910627,2.878079392168671,1.4958933394773264,1
28.061335156642752,-5.0312384834501644,-5.319365092107619,-1.3196346097862728,-1.1748630772011288,-0.40640017865003886,-0.8224022586630727,-2.315661394728608,4.541412266088276,0.7359547911663615,1
22.76530264048003,-20.120711837440933,-17.729444350600883,-0.24183976930651507,-11.589191244810852,-8.212151363897355,-6.235162873349956,-11.482654981808862,13.331073616365988,4.337423222311345,1
38.483149548906816,24.31246442900538,24.35749174091816,-1.6480192445620467,11.992665902228726,8.37740261115192,6.443314434673914,15.051193656270792,-16.06269231782653,-4.418962016332366,1
39.6887386858603,20.16907852270861,19.1384655928558,-2.6511785605678835,10.79560211498147,7.934150310219351,5.921154652499907,11.514949737126246,-14.192654386686177,-2.8742446539267466,1
32.351609203160834,8.91233751638759,7.784242848569222,-1.044543906626094,5.638121976191389,4.539902438032321,1.0600886010202788,3.183702371920658,-2.8885471255364528,-2.7769864345410196,1
36.478209724875,13.050479601136121,13.966439120416153,-0.03361962531658558,8.868608208847132,6.727302072689747,4.121811847178679,8.065827925933776,-9.047211466573419,-2.2692429428437833,1
41.36284025673457,31.841615519670466,29.757503608436757,-3.0684306974517073,14.347059659343719,13.44224094657108,9.604209642665674,19.350734835621424,-20.487945283713046,-5.738928867179753,1
31.07575944187651,0.3635170457743693,1.477809975525797,0.5668506956287579,2.132841007637173,0.967329131683321,1.7753561609763053,1.4715057215861165,0.2720693467472257,1.3198488239977064,1
35.74630731579612,13.55943514604176,13.382042673066445,-0.44312561104154635,8.95112760141977,7.0280164929245235,3.535195149493134,9.031411912624167,-8.514197244541881,-0.7293764250550541,1
17.926583779917685,-29.8159606528447,-30.34391039836089,4.821005687940684,-15.761370308376902,-11.186558490386185,-7.8866929935084675,-16.654088568258196,20.758961602218235,4.017060037301825,1
35.56274465857953,12.049901432355613,13.332194422590657,-0.5486728171169772,7.058219734379715,4.620418349027777,4.01795012239639,7.778571703697336,-10.006110136173819,-3.639018465663257,1
38.36635733757525,16.695535791985467,15.67272892774851,-0.24497041478529344,9.305505417502705,6.291664515282837,6.7587525216400515,9.24761483282106,-11.661665054468784,-1.677885977075887,1
22.663041480434934,-20.503947542329065,-20.183423581899127,1.59261701945489,-13.268556341264786,-6.733551800880221,-5.970968748143848,-12.43356750118838,13.549315249257443,1.9362128833871561,1
39.51778974484903,24.258896443020223,20.7144175308607,-1.1012306993947893,12.607250392435636,8.129343780985682,6.766461350880194,13.711164717613041,-15.013226004350413,-4.790986182488235,1
22.37365398284089,-20.214641437394956,-18.643425589015198,0.7626087466571057,-10.631799538514803,-7.008408722563594,-6.872917348248358,-11.927055122189275,11.718994212037742,3.8251744269937764,1
26.0193029980483,-10.631271325603237,-8.501621983022506,0.9153798685397152,-5.3978963131110715,-3.078853299702946,-3.418035332935001,-6.44444568742741,8.798989734822461,0.6282799452382952,1
40.0952177891206,24.81953980932281,22.49304965048873,-2.552831293331211,13.072971541462966,11.248012846397398,7.624187839928392,14.431212918453744,-16.90301860920203,-2.5340750747879017,1
34.52122431577793,16.148509018368745,12.816180906695596,-0.7094041824779447,8.409343045369694,5.725233911822093,5.279487157253762,9.8445284203767,-11.912346781926512,-1.7518649462655556,1
43.449645022199775,28.586743367444335,25.341474107335443,-2.7365315479777275,13.967304955138104,10.281838273680814,9.686148733042081,16.146451714267876,-18.677796285738626,-2.2243705459205105,1
28.671301349045617,-3.019795301861154,-2.4840371284264857,-0.216381585103037,-1.7167178261485652,-0.5871579106125036,-1.0685839953689986,-0.7756422288941132,2.010727571200096,0.29009180941675117,1
17.97528297452248,-26.13089305640854,-25.03548327744909,2.789335108733702,-12.355097628600344,-8.909161518925814,-7.736071965716091,-16.163879195657664,16.972838899354286,3.25188935690979,1
25.560646016817913,-9.84258732250512,-9.80540217974679,2.6623828693459664,-6.1043655408355955,-4.180523045128336,-1.9197956025924425,-8.043209619592401,5.186803581793845,0.19864638627480455,1
22.926794899995336,-16.56984095470548,-16.435981575830812,0.1584651926735332,-9.668946723531699,-5.354603099164855,-5.750866247390792,-11.112447893577404,11.003998130928167,5.36164562000539,1
33.34848903963505,4.8711187487922505,5.017161600458871,-1.4366891698363617,2.26888475516483,1.572384674747885,0.8648847705419492,2.281662799907538,-2.6638184329003387,-0.6166960330241563,1
18.88099732211782,-23.919894402614375,-23.58873757803575,0.7813238487182271,-14.176018501583313,-8.796980283261137,-8.122510307715611,-15.144794400638125,16.086309176651906,3.547432325587939,1
33.13323655921961,11.910804205186693,8.578193995338246,-1.1700713986607485,3.846058908911672,3.275167121139082,2.9103879906169174,6.191038656765424,-7.217440334087835,-2.052674875027475,1
26.282202431673635,-11.467563937746732,-9.541094053831268,1.2817299695953743,-5.9529079177839055,-4.055694462310892,-4.150744577792033,-5.038316016655456,5.343845617236447,0.3556478684622064,1
21.743307416340997,-20.333962179536297,-18.507590490011875,-0.34341492590091915,-11.416890435062703,-6.999400144806195,-5.848777387890111,-11.284838570416523,13.189733444040689,3.9844071866785975,1
22.988192838124377,-17.501437187661413,-16.766642923701333,0.7495380786824448,-7.127097347021133,-7.431906810418792,-6.601318474725318,-9.861908723548618,10.310834657802316,1.9440171692531907,1
35.92988696375637,14.381077280769208,12.775864650820722,-0.4417090954425389,7.308123473091523,3.3946569744180155,4.5267648723315945,7.634046950222615,-9.41850564252136,-2.449182231504467,1
28.743518424822398,-1.423239451228464,-1.9040785474282131,-0.4800465742240476,-2.3571927100236056,0.8342961126216643,-0.44358427052905075,-0.8375950760459582,0.4623078764111783,0.951308766892089,1
34.221292942522965,7.30062868837382,5.988230412614062,-0.3961127711774151,2.023303880442665,2.620225303495646,2.9431687040429226,2.8309346979398087,-3.3159115853497996,-0.08140690585185227,1
21.700020250666554,-18.756836995257938,-15.246017811819273,2.149759295303314,-10.58788503202682,-6.633674173107918,-6.62345020141024,-11.750132210726717,10.333492543403507,3.1593133815344694,1
26.06885698330384,-8.230937387071819,-8.64825088855512,1.9459407917370113,-6.445643069908804,-3.654787618202163,-2.4972084339952136,-5.451376077835575,6.764315240907579,0.5110724976700066,1
34.023926717181084,15.474026960504284,12.303183202309091,-0.9664188920415339,7.638651598308888,4.603861286227635,5.969243299959582,8.563109978743352,-8.667807722914334,-1.1932630188535978,1
31.711178733246395,6.259060942232799,7.57223359872116,0.09054290284464936,1.6221440274876788,2.561927111602167,0.4258546247555227,2.917120922202714,-4.258249749346214,0.1961584010480866,1
35.188447890879445,15.247554259329181,12.428761306151287,-1.391871355369921,7.913494260773981,5.693491383787049,4.990076540174616,8.542384921863126,-11.507058824348073,-2.440746464688991,1
22.26564360682611,-18.2555318124129,-18.498774622534313,2.491134176080363,-12.126078318625886,-7.000579416366877,-6.837450507024123,-9.856399683024536,12.20382910267847,1.246977339823696,1
23.937676770072105,-13.315620218729865,-12.349227820329208,2.105876862617949,-7.01085765611571,-5.145677209823021,-4.158815985030145,-9.214009403176574,9.033172293868267,2.7364010255927473,1
32.10959942714498,10.56643591641172,11.20720810353696,-0.38661166850098366,4.358324294625105,3.55756698137064,3.421380093547172,6.658921698667365,-7.437322878641989,-1.0822294061044413,1
16.15976156860969,-37.58564841461442,-33.40677974097891,4.922213931716488,-17.51078545907288,-11.681627493903646,-11.033649779798871,-20.05721724600384,23.357611472102885,5.205280317309,1
37.73176138839662,13.561988701150842,11.4653049384055,0.2557785444752711,8.975614593276621,5.659062044545655,3.536104212615384,7.0642175251830865,-8.449960884920504,-1.912099348242366,1
27.084787711391066,-7.181037974483907,-5.889525815172614,1.5748656586621235,-4.20050654997149,-1.051698897789614,-3.6486149250889763,-4.794577725078541,5.171662727555415,1.655946407947572,1
34.71308391069088,10.281103258938598,11.308356234995703,-0.9006483655176658,5.752695960008402,2.897249047825878,4.046553096202407,5.147070748634515,-5.883601233305061,-1.2762886179607924,1
27.85753425610794,-2.6064624045871176,-3.4715272826053196,0.6101677868610336,-2.6941411433913705,-0.26059274914524566,-2.203271723280651,-1.0786190160165148,1.8517528904809275,0.31959863736141597,1
26.852583190245735,-8.998647951136876,-9.130142233294956,2.555465972805756,-4.665034488121234,-4.24920134901913,-2.248031655039988,-2.958096545650883,4.285918670277095,1.6917708261277489,1
44.77840080952772,32.20264587036371,31.25243914541778,-1.0366983343771188,15.963248410981143,12.508430793582894,9.313951562434866,20.0109163890826,-20.92405134567351,-5.739730127162152,1
47.77531709540136,37.86639615041853,34.345867550766265,-2.217934433269944,19.643813896007668,14.534003129938977,12.088349691702096,23.07663816277061,-24.377427326578186,-5.550019422429583,1
28.262319947320808,-4.096876572627401,-2.787094665880713,0.24119463522266854,-3.4322435645090126,-1.723339595352223,-0.25244608656988504,-2.0398120478101562,1.509071060658583,0.8245510425143527,1
26.930636277271688,-6.413049134647913,-7.096552640274168,1.0761322202217871,-3.6071585976856415,-2.3195590108097024,-3.965026902867646,-2.4071608831402944,3.9600974125187647,0.7984417219024851,1
32.241547331607535,2.7693997401305968,2.3310073149803343,-0.473342300210415,0.3976752509173773,0.16316934567210428,2.2177108480711776,0.8226089245452789,-1.2915684669091618,-1.2170047280702394,1
23.938177713250447,-15.858270995504515,-14.1493788877941,3.7813472231879035,-8.7298796417974,-5.394849380200154,-4.181429547599483,-10.278347046576823,11.553038878267815,2.670758636043765,1
22.11741119098201,-19.65769584571555,-17.2602436390066,1.1335598266466391,-10.87613981923325,-7.055729199156639,-4.3918975676438645,-11.656989510582724,13.153120954910841,3.2509347763219387,1
17.656282413488967,-27.165702967008468,-25.523405120497422,1.9173714017028933,-15.439693083044489,-11.428193133906513,-8.44465071784144,-16.141560294677216,17.755470312378566,4.2504038348458755,1
19.973025198283366,-25.794172023116893,-21.98187180193377,1.9828310548977268,-12.418633965629082,-10.158383256298574,-8.222205013091095,-13.052041293781894,15.150037688819612,3.1444382133914894,1
41.15779941210629,31.184579669881064,26.935218487011014,-3.578948847472435,16.77119950292733,10.956072762304212,9.837537815999355,16.367554143848277,-19.47220149902562,-2.3076815298178555,1
34.81615492346877,9.278840678048363,8.402400395448211,-1.6688148859324077,4.742613423383008,3.4639201795638983,4.182099510816971,6.7178197192882205,-7.128861164440325,-1.2113626060411489,1
33.109789307850804,8.873805200439033,7.010291761211545,-2.6602596834203167,2.853063981089208,3.6446253868251324,3.6492784929670377,2.5900705863018314,-5.351263081713151,-2.2621707801938205,1
38.46947111558033,16.920840340082716,15.005406734287236,-0.7649480586702395,8.240262560022648,5.343569487756096,5.371715492014148,10.293040297865069,-11.586830056970085,-2.516000749840522,1
49.24149336255583,48.734726506819825,45.20980711150851,-3.5100635035002696,28.6305578064965,19.389334704496555,15.608695147069305,27.732877727312932,-33.09349401936976,-8.356478188613325,1
30.404230898754285,0.6146678184271775,0.2713946628528996,-0.35979762239013996,-0.8002743079074155,0.24664903213657224,0.0006182189771908875,-0.07667567443378762,1.0260117726792768,0.5773384912956343,1
34.45666519838278,9.618267412241966,6.93567508822984,-0.6851100829791923,4.3459477979277565,3.2473814895778137,2.3346003289024475,4.411718052055146,-4.831829249470168,-1.8021573453637263,1
25.22689802508223,-7.031181533462268,-9.17203176156555,0.5587437916274687,-4.180132591262586,-1.834206920114147,-2.41490921786391,-6.170390353476605,4.8025665544328,3.2990309726891924,1
34.07775679433872,10.489371818726312,9.475034114027688,-1.3739528229451092,6.381345123028692,4.54616928467077,2.1655966967977243,5.597188607634113,-6.15077950295964,-1.6954815816994628,1
38.52542705817319,20.401871713291605,19.52898676713597,-0.7798376441610986,11.838262576882894,8.381545024653137,6.336771634149515,11.558075111348815,-14.618511709054433,-3.528176818725917,1
23.24977337382137,-16.25971704532629,-14.890348140825168,0.9315393480574349,-9.362277066609758,-6.7670953003531285,-4.735226314818441,-9.997340059086467,11.396505272449566,1.5352204523227029,1
40.20272724853956,25.90204862482295,22.54288760795784,-3.8369021941055297,14.446646558913114,9.671238127726143,6.706929779432038,14.631940328280013,-17.99950594027501,-3.5185557834398393,1
29.412148180944133,2.9518924804896725,3.052517401106381,-1.65018868428914,2.141928168727772,2.2079216751850415,-0.08680581516283618,2.412022418628024,-0.7375016445710466,-1.166205370212074,1
23.978875493823384,-14.068815375174337,-11.581726926743213,-1.5393034020784773,-8.332766176792337,-5.012930926816202,-3.498715953275302,-8.834666185645338,10.852315761360154,3.5601561225543548,1
37.11355968369494,20.865108553445843,17.874570347000812,-0.8221593883179963,8.75592717764917,6.489856502431272,5.229869434415184,9.741852997921168,-11.40586873196003,-4.300367301005852,1
26.685797980534772,-12.752979838866363,-9.587338888577891,1.6514345782081823,-8.716283036216371,-3.9515843876248065,-5.0320162196272715,-7.1387783948346595,8.033356419879391,1.8367932697025464,1
36.237537911025086,17.993048691897833,17.02827524554219,-2.224410195231499,10.498023040995264,6.401702659163209,4.654855473777499,8.734524502476486,-12.61996272787833,-1.7810639591728425,1
37.36828013239189,17.73468893401374,17.488091383516522,-3.1759642412681934,8.092653073117807,7.77247313946434,7.570149408127524,10.838586012352547,-13.514409423060757,-1.71749448471996,1
29.810497801239812,2.525719180920958,2.5898993932225465,-1.2072152861615493,1.073490008823046,1.521595544446331,1.584938534013131,2.155793207873739,-0.7825288264923309,1.3708547677336897,1
27.84995709393118,-7.099729271707393,-6.430253532140837,0.519519227990734,-2.8236763382870746,-0.9118420676218698,-2.2547237425268705,-4.273917922483404,4.658862966597765,0.4417124303667388,1
44.64752825912434,35.18897793184201,32.210305934113585,-3.416458973102739,16.959649045784804,14.383895389300038,11.664363423652771,22.395963975787605,-22.86266287750401,-4.84214484127784,1
25.93175375875579,-9.084668001664975,-8.648872179108706,0.9679082778802055,-4.471986465543287,-3.931685563130535,-3.8587996458259934,-5.414836911651479,6.714204729445436,0.6304411807866521,1
33.161138053656344,10.444622570041032,8.19052686349038,-1.7400727488955083,2.9991603868418863,3.850293630612331,3.258327988608432,5.113587338069502,-6.493376741795415,-3.018732480622405,1
21.99518510012074,-17.937997195372038,-17.359512354812612,1.8130466077227627,-10.397957029983521,-7.366125413216771,-5.544475908726183,-10.4748546330297,12.234789122899755,1.2437773072125884,1
29.393928351029867,-4.817751164219701,-5.514309237717421,1.444848640795395,-1.8090870308497933,-2.068538295824555,-1.9845338325332778,-3.3184101753076245,3.612838468327042,1.0378526384970623,1
26.909421914699095,-8.905216971955594,-10.038097423273161,0.9967617123206849,-5.550000739771315,-4.3032582635645245,-4.6854552568656525,-5.847946379188391,7.886252703070718,1.0726420296707682,1
25.914991117033885,-11.487411315779024,-9.657278536901485,-0.5567092487084608,-5.5452699854080905,-4.823151852954403,-2.723162572133796,-7.902663070822333,8.075496108742358,2.4712953405051525,1
35.90147524509313,10.669458566345414,10.607250861505632,0.9429526624953889,5.01694050513412,3.362968248905579,3.145705012294554,6.645789932962279,-6.507106373409304,-2.35249590835527,1
11.121005694396679,-45.437799158573796,-39.22924158180675,4.116113290679994,-24.18016304712263,-18.62142777678078,-13.752244053415001,-24.195192150943765,27.280040030117537,5.416818168274484,1
33.026711816581795,7.742431991766397,5.263622516439365,0.8336596802170371,2.966448046663827,2.4455453109849503,2.1579305026991924,2.158820867749159,-4.18451849465645,-2.276676752620508,1
22.74352909089931,-19.56053922653286,-18.42786877751995,2.4057240930440216,-9.852073290266432,-7.513077036288249,-5.323243105069709,-8.614613471545766,12.590549493408483,4.72770887509818,1
34.28274247086881,4.62679333020696,4.42892087800113,0.23948783356996312,2.326417046092475,1.6854900799001016,-0.8014002442241068,3.041980791811396,-1.6226107771965061,-0.4744691354402123,1
21.95152267686617,-15.148026074918906,-14.444796722459643,3.883376974655232,-10.921643279571466,-7.9832407908407905,-5.217509249395004,-12.712462197936516,11.900201580016992,2.861836404208151,1
33.15166014011343,4.812091742760919,4.320942102862186,-0.5195736712730318,2.7189001540299076,2.7985459967582207,0.8547362922374797,3.477982070326077,-4.618988876915705,-0.43447864917240386,1
29.633077881768873,-2.521038908689068,-0.8980078025458156,-1.141052156861992,1.2925056704686364,-0.10567981457314646,0.519895280569068,-1.8125472573513164,0.998958735129849,0.7518794010386571,1
32.57496984708707,4.029177116380862,3.369774586497173,0.538685158572694,0.5376954796135678,0.6628586873204214,1.9433378620738084,2.421941924708402,-2.4272832291723705,-0.7153136595501831,1
34.412562708255855,8.177800711368107,5.440708296820124,-3.953530068405349,3.307634849107762,1.7767223644795473,2.2302142548419566,4.1083523147613725,-4.621374783438217,-1.7356710321694102,1
31.95252639782162,6.589682778744882,7.906627274168378,-0.8797738546411622,3.2851910822718144,1.4709417383850756,3.3739764461490642,5.919138933301981,-4.1937981186435955,-0.8065055377459325,1
26.295378465531858,-10.976677953078807,-8.852563931505085,-1.6477890684698457,-4.61408527172616,-1.8670347491937882,-4.114015021045881,-5.109434263416193,4.421957844503186,1.0996245082958274,1
37.70785722611671,19.14766400660798,16.68370120412581,-2.5815481298862104,9.571728900095382,9.132676409209832,6.931183985918812,11.758107860047032,-14.83193093093006,-3.1810385276070283,1
46.62608331929553,36.44026054843275,32.75339689286837,-4.116143509686392,19.22954383851522,13.611420490985395,10.315112170269526,22.010942876064227,-24.974429857241123,-8.156015461544968,1
29.209419498716407,-3.574071406738958,-2.9715822281524953,-1.2913461806773694,0.08075938367449309,-1.5520434123989038,-1.9109465698694486,-1.2287146820328367,2.0595143743701336,-1.1113630175569706,1
27.63332293949035,-4.816288442998151,-2.8303039265675496,-1.4491263609598048,-1.5647990211734153,-0.824945091790083,-2.9372968596180202,-2.4803259620765323,3.668562141751827,1.0170093882114213,1
26.980981594682248,-7.087665715612648,-7.615541775792142,0.925022935295694,-3.082765258943483,-3.6432792891435155,-2.9165648311791474,-4.463641970941512,5.548784066294556,0.5037922782997912,1
45.50474790733842,33.921662692898245,32.498457790795904,0.35579501316479945,16.621352707965784,12.800711230980045,10.565254142604847,20.99602012230596,-22.240231334108344,-3.6043068671767147,1
28.938454914925284,-3.0397604282677912,-0.567008443737562,-1.1897900479224992,-1.4984918898841988,-1.8513093968265926,-2.4233734363572514,-2.2583436562800863,1.4577173515312443,-0.2161223317614936,1
35.00683229724832,13.745612220895016,10.646253872183934,-0.34114637053649305,6.035407135039939,4.177840840729104,3.9085985988268894,6.271604256280623,-6.4545763940859,-0.33129705394046094,1
34.9038697644844,13.436310753599647,12.900109308189364,-1.4372793401113761,8.054816827633033,4.670267625586271,4.067957871623347,7.672527797343038,-9.55457561958968,-2.417779169497717,1
35.9185395815237,8.72030716972243,10.986985396891473,-1.2453766375770539,5.245062070361902,2.8015572702449796,1.5065609818317678,4.695152403011306,-7.392418956665442,-1.0002635770028037,1
59.976767671210865,1.7121630179105958,-4.724206195901395,-2.371321873266171,-1.3622047508009787,1.046578026696662,-1.5139739552218252,-0.9791492777148862,10.054073769387847,2.7804490075096506,2
59.97149230210367,-0.7483030494621853,0.13096702537854327,0.48508651341634024,0.4920302705685692,-1.2740150167769142,-0.5186993316867441,1.6558509015854552,-3.024861880455281,-0.5127630109209917,2
62.28575028397641,-3.52849970738834,11.28756876603887,10.671440909221607,9.053546069452524,-5.327945456817221,5.872006590666675,1.5439683258072086,-25.591174754360896,-11.366589821257355,2
62.92865768053625,-2.0977405288375235,10.165205243727508,6.237147993907682,6.227462968710141,-2.7282800197096546,5.746055479517735,2.7830711374013757,-19.57482482795386,-7.75746554307294,2
58.98897973146132,1.8477787108807915,0.011797789727441943,-0.00795374452917319,-0.4807057955653753,-0.6617477263975804,0.9975929435086771,-0.3426273508115262,-4.531651698435515,0.1794096972533974,2
60.811806312577545,0.4689001698574383,-2.768337447271076,0.3351428437392262,1.81616258258723,-0.7725200502138133,-0.15887846116983695,-0.6653793619875665,0.3570243999458912,0.8076853316087693,2
58.99141181686036,2.255447670724981,-4.955534627572991,-3.496533624891556,-4.013403246595369,0.9312267447976059,-2.7754977144678477,0.2571717304818739,11.747938051759801,4.39349127099394,2
61.48160428576522,0.8714551753501891,-0.8313321060094518,0.9774010109317666,1.2158533478921427,-0.0058444893385443675,-0.8670971060751963,2.4429785614788266,-0.42671047128684064,-0.27261056100365344,2
64.94287369767814,-2.075576750505584,8.813028524537648,8.119355474076144,6.012010195238756,-4.434523895733202,2.7195213581788593,2.7128204627021058,-24.942439146060796,-10.582105880733906,2
67.5106306641868,-4.371787956671521,16.535220263272972,14.575024283738095,9.027302947895837,-6.575593688425602,9.050038243885702,3.924816119462307,-37.513315997810246,-17.838731966846012,2
55.89672031243044,0.010194071291887541,-7.516019793838413,-4.845012977528521,-2.7791106983746263,2.7735942118464894,-3.7104051856405764,0.4368764330186681,15.810219773242594,7.097446426212858,2
58.708165584526895,0.3302020010526211,-4.17985018133094,-3.0068531513484187,-3.82908214615703,-0.13711675747178514,0.2561150699920596,-2.1555271884055225,8.244950901232784,4.692408471465044,2
63.190443041937755,-3.091382153579104,10.19956316287852,7.72149985123567,5.844118152178268,-2.7709539017136895,2.8013387638860117,1.5607731289638804,-23.38643504940558,-8.306789937506714,2
55.755358877349,2.3893426683030325,-8.827880163448704,-9.011502980600792,-5.014458974867163,4.460879125840849,-5.077055695527644,-0.5695317987710045,19.017320790246302,7.5864164262792375,2
60.53580797746384,-1.0268069136487614,0.0881006916995597,0.34743367918298995,0.019220941110837338,-0.15786536240512183,0.5587199950505253,1.1177403849250256,0.6679048294364304,-0.13799708731825475,2
57.94287264321448,1.032749789770752,-9.325040666942465,-5.897305311057091,-3.327636870460659,3.6972045230696726,-4.0555978695218275,-1.7006411395147647,19.57514685357011,7.036472892873208,2
59.352945933566595,-0.3155666174713023,-0.6579262813830244,0.707992123722176,1.346777734108569,0.8687580351019393,-0.47522296869241454,-1.040975993696324,3.2510254260188334,2.8347635827828688,2
56.854463283731505,0.8725042139610418,-4.969487784580515,-6.755170170363124,-3.5534230513751153,3.461949930374763,-4.202412971667738,-0.5896229945430957,16.874957911809265,5.428666448785523,2
59.34123575293898,-0.6275709219680436,-1.2061383436089637,-0.8423014559993309,0.9595241738010476,1.4755685909996432,-0.38676386414414754,-1.5014115469427194,2.753566596369585,1.5848087606341905,2
57.83468687131737,-0.70479860142262,-3.171233370535365,-1.5636852759623276,-1.2328952558137276,1.8127149368523958,-1.3242510708686677,-0.5907367195929961,8.408389975334643,4.9500040007685,2
63.18663492871029,-1.207995477948228,9.120319318754387,7.0549010718291525,5.159089770702064,-4.576073855370371,5.1157926264355424,0.8432787224495976,-23.099009940614806,-8.869726647124248,2
61.58589979175937,-2.1364003346865825,3.4183603949405823,1.8163252102413565,2.110839611317167,-1.6878286273018472,2.148186614158414,0.6041068283577319,-8.274015469493788,-3.2688165471573902,2
57.867703772399466,1.5712795129379886,-6.3450625239253435,-6.444329689386105,-4.082277382145407,3.3559666670426043,-6.13137977515177,-2.1223607646689735,16.960247727305386,5.6296206289892545,2
60.27350525970898,0.016140127015750946,0.7685299365757757,1.421683055282498,-0.49285836034870334,-1.5120735131831016,0.06825963519727535,-0.34885086992821474,-1.051418040592079,1.2399314420612524,2
56.93880007881418,2.0036792759227926,-9.017224453507293,-7.171572283385777,-5.782783839671365,2.9684537048570108,-5.251546258622353,-1.7784998285027125,16.844260829513022,9.111163653226987,2
62.91767735243653,-1.7283112788500727,7.112083730138668,7.817414389001112,3.4954019646181136,-3.4444733883859153,3.2573545681022193,0.797238048701616,-16.54203996248113,-8.643859903641271,2
57.109615657927655,0.9529667273548266,-4.479747776402605,-4.252430700386171,-4.686940913410112,1.68632369453668,-3.6238776496295317,-0.6416834458494243,11.82498071417435,5.523047900499493,2
59.854492048216734,0.10960483421561534,0.5979539403936736,-1.346535953438634,0.27015726298394727,-0.416813682460215,0.9323760628131685,0.30667115350081997,0.5426001013912854,-0.8579440153220432,2
65.85227543151323,-2.181417458808298,14.605349854521531,12.729618778080532,7.363690314921056,-6.961827905249609,10.433342702806428,3.029611579045647,-34.621074547733386,-15.63120884426411,2
57.03994129938374,-0.27164339461789283,-3.768579525208271,-4.207895123672204,-1.3664330776065694,1.949451232552129,-1.701068042006388,-2.276972936218617,9.754227280250412,4.218067342650334,2
57.51712083879693,1.6311932335607393,-3.2084006650153167,-1.0896557317073778,-2.5361382666061867,1.4628108597820606,-2.330717026708433,-1.6078203749108062,6.375928592356048,1.793043343663824,2
61.231409171159726,-1.0919199797024541,2.063326327608527,0.6752688378529775,3.0739560773461316,-1.0234232364360676,0.35848351947962487,0.9139536081658601,-5.5949226573100415,-2.471973282384611,2
58.65597024726972,0.6773105699501998,-8.324321465387172,-6.34951549704262,-3.7121489786851485,2.2325563319726323,-6.143658754989376,-3.200211111907605,16.9211509887772,6.998449788702729,2
63.30084837576274,-1.6483264141876641,6.283804151517977,6.703781474390761,5.883562430609711,-2.323154246990035,5.038711160084152,1.9859094099186343,-18.40983865471396,-8.286878658619067,2
65.59566982158252,-2.051252031312342,11.713889332801054,8.091205836984656,7.831771924570318,-5.521824468628634,5.8196537936237664,1.5323563939117202,-23.296794715895047,-9.397914608346412,2
62.32915449825596,-0.7661389179379616,3.9522814659175416,3.9062508629281907,2.3767086571241682,-3.332728081101498,3.48439914703735,-1.0361868592271006,-9.127817769957227,-2.1941156642678155,2
64.09495446553467,-1.3639821720588252,10.822014736538396,7.789000863099107,4.928058137600871,-3.988615264161256,5.290078872331219,1.704466271032567,-21.934359941115133,-8.288358677853106,2
57.88062539704624,1.5576797384267178,-3.286355032056158,-2.6658107709370555,-2.4418977037896474,0.7284806981159938,-2.402391406116377,0.38236773501804844,8.91535334553471,3.6464144887114793,2
59.27165938950214,1.8598596163365184,-7.442001363400818,-3.451526450482806,-3.266305573507327,2.5876172998425613,-4.082507024375494,-1.1730894877000089,16.958270123447598,6.839422089901452,2
55.451662613926906,1.7801708486221908,-9.775122498194609,-7.411091700605327,-6.178468869578237,5.530257226513825,-7.6291695855873325,-0.975998760528728,23.916589666087717,9.76226250516782,2
56.18318020948209,0.9579017139504609,-5.16212824584323,-4.3289307834605175,-3.44565888725658,3.509284514811369,-3.246789311099694,-1.901468338622876,13.449613287477625,5.407221649272185,2
63.238180202406326,-2.495567550093674,10.024489023252036,7.521436602018091,5.697690381308825,-5.068203021849708,5.287358166338439,1.9839948041226043,-22.683453566721713,-9.115311490610122,2
62.25553296406418,-2.204054559033554,4.528379875285395,4.065801225041739,4.512940484336109,-1.350113270207662,3.0632990707743843,0.8957458212716929,-10.440817642288707,-2.978395581145322,2
67.86330196656357,-3.4217815146302852,18.76618109056531,15.215872074919202,10.761019785008477,-8.189134616710321,11.929250939323103,2.5416777996377213,-45.20510509819763,-18.0344798597956,2
63.20942394472002,-2.7216171575011976,10.5333786648496,7.737571453851249,4.992953310525207,-3.9521252134706835,7.202936367969406,2.6806038658121794,-23.583079485184395,-9.3024722086236,2
55.4121459119805,0.7430826797685561,-6.974837188896501,-5.9041797617626814,-4.77450866374103,3.8470760882725203,-4.492468484857861,1.466886998570538,16.914278437939803,6.6165148686720165,2
63.0058902046785,-1.1042841969105248,7.65765968217549,6.357684638200059,4.368214080946432,-1.8561010443500976,3.531034114204247,1.6069068987975632,-17.60295185335254,-8.670908191815442,2
61.58583225558582,-0.3120927299166898,1.0650878742017524,-0.3179165898335167,-1.0805389153555423,1.6665784273944864,1.425125520604625,0.15285858307177846,0.5311560577196894,-1.8429028993762202,2
55.73289879404102,2.1680900540627657,-9.038636433846602,-7.410871193841844,-3.3442834470183973,3.8508482639664265,-5.590661453422987,-0.957496354290077,18.271756183008183,7.138044029236793,2
54.78421467655319,1.3152962266847728,-9.668625445828795,-8.355818279536427,-5.2352018321789515,2.2689836121911977,-6.3788440897667,-1.0701995531517565,19.936163535957313,7.462262031790502,2
55.85550645844539,2.8729029700585023,-5.085355546552077,-3.4651940911069286,-2.652741905791727,3.195303623203981,-3.28514514407297,-0.42380040425337623,8.60821770271694,3.208782277078922,2
60.37442387122439,-0.44919600356082723,3.7445564847508033,2.0801321316601125,3.6491793164113426,-1.2617761710765718,1.9300507871567387,-0.46507733813368474,-9.807467970509634,-2.9368469248238838,2
70.1842363922285,-5.095689798878713,19.708009336717176,16.17288696883249,12.381206406050438,-9.69314603679496,11.280565940333124,2.662497185996054,-52.10182625094524,-21.023998668478256,2
58.28138086564454,-0.06927281515416361,-0.2160155241322812,0.6030990109107728,-2.09428654063477,1.3980966127822483,-1.7542115328688297,0.13762450936259796,2.0197546127016857,2.562695510462003,2
59.170444661878214,-0.4900557759844107,-4.604110387558731,-3.263829034567707,-1.3763626157664355,0.45899131122367826,-2.5715127481169255,-1.8093243678386903,8.323638235079711,4.404678911748867,2
48.97020128081881,4.111107860229201,-25.062157611698122,-22.224138668564002,-13.612190390917608,13.48123017374186,-14.230886685811086,-4.587387843639288,62.15771648891924,25.840946524299962,2
56.46421548315945,1.3661233261667296,-8.85734582688455,-8.208125837588568,-4.091027754876145,2.2770052733135,-4.559043026789753,-0.30855128107234187,17.49248768308968,5.8623710806809575,2
51.32638793436794,4.398837816097637,-21.730741803055388,-17.947545814419705,-12.223224290964556,8.226186150669566,-10.492256787053497,-2.7971574764848515,50.15545550456615,18.48388518689098,2
58.213531618745726,-0.6111152897139507,-0.5620443029512832,-3.113348816887263,0.2607336385900749,0.8904394379701089,-1.0822486548072021,-1.3135314558963718,4.885774881599849,3.099035047293988,2
55.697019303157575,3.300478542405884,-9.257862603527252,-8.58153771829048,-4.104211640473578,4.085844082145427,-5.0094383665265525,-0.17783306895940587,19.844173499739835,9.122079868769623,2
53.85826833312214,2.4031353770338093,-16.449581226394205,-10.997216237489184,-8.565958334466728,5.652884883788642,-8.199490914241746,-3.0292478036683925,33.43526913685085,12.976139221509019,2
56.89482647385125,2.143577040061024,-4.942237385682945,-3.7901361551843946,-2.9169037955548096,1.9736219955591763,-2.153904925236021,0.21040115432023265,13.432378329134337,6.561493339531203,2
63.6209101638908,-2.1062963307122375,7.585015225339773,8.130931802073064,3.443120512993447,-3.5269194269670963,3.9250818329388206,1.2271929054159256,-16.34784787173744,-6.249370202040483,2
53.61042990003464,3.940860506167622,-14.38679867178868,-11.047652112026382,-5.585602207565329,5.840427703929625,-5.488079205670026,-0.8657517224201572,29.975464041990474,12.533573332128146,2
58.219217794781194,-1.031405601553817,-1.6517967134999954,-2.4365047261849186,-2.280123499883517,1.5225899971471197,-2.015275480755315,-1.1608321414021536,6.416029149940195,3.5446940532505975,2
56.117034524117585,1.9865140814745565,-9.313428078621758,-7.873562987305863,-6.835851531271225,3.3155660673712424,-7.4730199276784175,-3.321939073809954,23.460561116619726,9.500272588171327,2
64.69956877753575,-1.3935072839662073,11.396250199861559,9.8540470378348,4.954971693430485,-3.7625577601015,5.833954293365022,0.3896359306143413,-30.055814695072907,-11.306786365730273,2
64.70710260201605,-1.9007473424631,7.547196770821899,6.633761272479686,6.045527026841933,-4.439633179648334,5.113602809943143,1.112290224978233,-22.26523433699689,-7.9548326782862055,2
63.599422902254474,-0.6759085702041335,7.361933643423685,7.442340189025942,6.574923854101177,-4.129123767946434,3.1057455991106213,-0.3128680052174445,-21.329008151776698,-9.957511823865353,2
61.03653863110924,-0.4000470724916034,0.5685453676264107,1.0517409372580406,1.1321149502271242,-1.2421475554667967,0.2499027244110897,-0.049452347537328176,-2.2722176463816206,-1.8783208473112194,2
57.04225734957554,0.588348377280195,-8.098198298459574,-8.321586360888976,-3.666463706202665,4.951263283671831,-5.30988409845302,-1.6842733141616182,19.5083507847809,8.139360076704772,2
56.93603538020087,1.7717377936932577,-2.033253465760261,-1.8686301744019418,-0.6901437552694929,1.6948505172188995,-1.722084478435428,-0.541463573339295,5.056374509714259,2.261880859761859,2
53.978196023687254,4.1316215321719065,-12.961285251521748,-12.652149632701681,-9.008258405235726,3.5030108512139075,-8.15009994025138,-1.785088457016186,35.48304648500658,15.446485636978792,2
62.50238656014283,-1.5291411432703588,7.730308621061444,5.253563005606253,2.341997574717687,-3.914107867223557,2.98718105313978,-2.2015341601225464,-14.554368533490896,-7.563420046214046,2
58.470759223017005,1.0372804668858941,-5.3225695624163345,-2.461959132729174,-3.658307215370029,0.9757529282789548,-3.1955158662805716,-0.47776159787319206,11.693870138002872,4.722772861419662,2
58.16531301341317,0.020403812270582824,-2.4489993093446913,-1.939363474191921,-1.6038567489595499,2.5654349726867154,-2.482867317496781,-0.4989769415484564,7.579498668197246,2.2327421403905907,2
61.3806053725211,-1.4319073755460705,6.060893291852912,4.443807921011415,2.044453122729171,-2.5216159765149224,2.6477024084103973,0.20595182249433064,-11.414880047093561,-5.938372724821484,2
61.77177866374388,0.9465200870304773,2.3400516219875716,1.0034678182208672,-1.4045167930909552,-2.5166976300666475,0.8081117939888793,-0.24468424897052407,-3.6976542118583575,-1.4891783663650222,2
61.132018878503615,-1.4417307984159842,1.8986906468632236,3.6600952850156165,2.0439124241687487,-1.4094232930929544,2.68076394632976,1.079711800724701,-6.515912992059244,-2.4603270931706396,2
56.98645686201433,0.2582436977246792,-9.66083878389909,-8.342844400051408,-3.524571515069745,2.6977085573446797,-5.8121587261583585,-2.7188726016587523,21.14099076871818,8.440411549464633,2
52.3581858176042,3.4360621150533555,-17.472101829312475,-13.974766458743856,-8.291135455563111,8.554160825185482,-8.976404599613623,-3.4152973691134667,40.38243836773079,17.925809128049618,2
54.91305773767604,3.35317306468236,-11.50110072415038,-10.322425790505768,-6.240989269158242,6.111082879779477,-7.744574407895024,-0.6046266592634015,28.278467501362396,11.444724076843373,2
64.67412289518661,-1.1037939850118288,9.6863958033333,7.822673152575041,7.034614883667779,-3.6097205844610194,4.423764319918811,1.8169512239518577,-21.529024089811696,-10.382448670087859,2
66.13899985248428,-2.4805105019707794,12.283646413275653,9.279625594047605,7.057709015062873,-7.818736906857163,5.82148787877987,2.1622374342827486,-29.903096511666057,-11.321670095533772,2
53.55195313024345,2.834591284475701,-13.330858918829213,-11.219220893865415,-7.223308318301838,5.4811323423006995,-6.374094165345557,-2.329688188106971,27.864832351918945,12.72893970816715,2
65.27289152251842,-1.6414350506916666,9.604128950135543,8.620572916604052,7.121862043723274,-3.7690561709240327,6.569833837653541,2.5071846306222034,-27.58290991790568,-13.216962496629478,2
64.28890695429565,-1.6121491239637715,12.63902473839202,10.862468209961724,5.753595929415086,-4.246263499303332,6.826302399237717,2.0354123010860983,-31.44678912146508,-12.600463237134635,2
61.811177005082904,-3.024838154383447,6.870044145984671,5.171037380263412,6.292105272198206,-1.7999984836062006,4.399394225615905,1.6397865309817234,-16.698538708283383,-6.918189993980341,2
62.69998691898632,0.6924483662895303,0.7072679934342252,1.849952687170188,0.9537465711548071,-1.6041492961430848,1.4899983142020057,0.7865942486733799,-5.011514538576134,-2.589521569131567,2
51.644731109683036,5.331820090391157,-19.234962937240233,-16.69862554162435,-10.115363288498704,10.17886254878056,-11.837595657182874,-3.2338569483337287,45.60413029430225,18.950147819461403,2
55.25362093789894,2.291139484916741,-11.78739295987504,-7.437896684397047,-6.7781113358031115,4.246479512173294,-6.892919910678957,-2.4755434684668574,25.04398547074373,10.787353853152414,2
60.23055430402773,-1.5258380676183652,3.916808249168745,3.52185762007782,2.8235020271920495,-2.7459155776198414,3.2942834547387916,1.5792412632450281,-10.352620994927289,-4.394066700524955,2
60.23705040428421,-1.0506227065043465,4.525454714976851,3.8645222889211155,0.2219576141200712,0.5121780074588088,2.8972413061974933,2.5140265414965692,-10.51056400060073,-4.387795374844756,2
58.43200823033327,-0.441789453297333,-2.3626636258456277,-0.5555907616561829,0.9133710404066866,-1.4749916532233152,-1.561821534250699,-1.6214850829650334,4.205905740861933,1.3680050495278067,2
58.292785366007145,-0.1879750190798724,-3.4700866265433197,-4.789371985524555,-1.9624880791636312,2.4601261369136282,0.9860668086119511,-0.023148308211150825,8.043734527170553,4.138939645571714,2
63.299957194483284,-2.4945116270109216,10.791860996325527,8.180109914297379,6.284500070509174,-4.252951764294348,4.669086802175972,0.9179632938187238,-25.677961422122795,-9.001131080148326,2
64.92407735305986,-1.4467025584029685,8.107181945981067,5.437956976065703,4.610979916913081,-3.1046663995722645,2.909005924830247,-0.4067426881455922,-19.31263657202603,-6.636158891318007,2
62.154437118244914,-1.587584211779872,5.786971000335209,3.0835244871829346,1.4341389886746458,-1.8234661362103566,2.258392737234136,3.2830495855848607,-9.189888582569074,-2.316493948306361,2
57.70801511316853,1.4077280687037286,-9.388801173419443,-7.872624647572327,-5.442733298336558,4.115566362521926,-5.236005209444286,-2.987691061986604,22.187762820509697,7.191554826694602,2
60.664314143505536,1.31952294731997,-1.0240442861265597,-0.2037699260927961,0.8068207512802577,0.2824547458205108,1.254293960035527,-1.1980971425602864,1.1452180549306787,1.6190935224937353,2
63.46833993849956,0.5037678748374059,6.333540390317661,5.472047695193416,4.6559280296706,-1.6425229918103332,3.9571208667193867,0.30683848381697615,-16.236835347845854,-4.292277276513998,2
52.81931453545678,3.2590824986175964,-18.190755809680347,-15.911422895247384,-12.207294269710262,8.065351901574438,-7.916588974397465,-1.9130504192746414,44.67652409561296,18.127286614080543,2
69.85847166185451,-4.742273066371547,21.307641069476286,17.52216147721473,12.27781271737313,-9.685674077146505,10.345495390630436,4.444402350772877,-50.84231776507435,-20.86830533478793,2
58.3047041939587,0.4369876865657692,-0.9101691639239472,-0.8341844966018657,-0.6441882386885331,1.2499202362802482,-1.503042390880451,-0.39760905095312515,6.011775870266794,2.779848049051639,2
54.863261942666774,2.7121438557208504,-10.444288934576281,-7.64523525312469,-6.227692238720824,3.5900020054993593,-5.564436321642127,0.12128574290686611,20.651950473752358,9.008808653126588,2
60.86108853010608,0.171300687122606,1.6235962085010485,1.0777445974941675,2.61431195988101,-0.715295263479428,0.28924170152304485,0.8453476253679718,-6.022415253917927,-2.8045071283528347,2
63.975754078320364,-1.9512206719309484,3.9420369131406674,6.110892696154176,2.6514054314618782,-1.034774457544467,3.981734874269712,0.5269727199794625,-12.473644030274855,-4.198446772279796,2
57.59318235031492,1.2910531459764396,-7.214295769627537,-6.524040821155374,-2.8053424941852416,4.294977047184868,-1.9785976704024262,-0.6952115688972227,16.61232141554055,6.288831433966523,2
53.04862342844689,3.0606151183935357,-15.138283956196728,-11.641130908519878,-6.475329598575563,5.775921582797414,-6.20522052558217,-2.410846686685312,32.181267991812845,12.912061929338346,2
62.47155193173958,0.7505376416092013,2.0994320050718303,1.7448171866952906,2.7802244796827345,-2.1484595227642913,2.5950290028718785,1.666736392089304,-8.95099062727646,-3.0222052454775787,2
63.18701696767948,-0.3278500334596189,8.217866766153058,5.994488873692368,5.096400436021177,-4.116479882727502,4.995517727728469,2.388030078356481,-19.871066635812895,-6.174736246501938,2
59.19743531630732,-0.5459002043604786,-1.8215678895745302,-2.8533776032302143,-1.8879838505838409,0.5501798826413251,-2.318857678914786,-0.4455251172494127,10.744040304534556,4.181017673289494,2
57.861536665808345,-0.901229534045557,0.9673402154710824,1.3457239290755674,1.109336947620252,-1.721713078395228,-1.5242484031502386,-1.31217802460869,-3.325629884584381,-1.4938306414278593,2
59.165425880156754,-0.9422033342736321,-3.0300884102264853,-1.7296614887023156,0.5324967072285953,0.6211520482145265,0.12640376626686728,-0.5194634345815827,2.437945707826088,1.2254490115334304,2
55.23440938545734,0.9949892856141819,-10.806512006787926,-8.628845767033065,-5.155317461748875,6.566020786673951,-6.061217515509707,-2.680276226919041,23.975760482553067,10.480003274380161,2
62.817981952337114,-2.60587434445229,9.120824356618087,8.486552387176985,5.812034264784799,-4.460542374825171,3.700265477218778,1.7006399016085467,-19.238905829049504,-8.839161022081209,2
68.29398859266996,-4.384667330879824,16.93736594508376,14.915124019718402,8.293227938080175,-8.309132788433374,11.151930336951974,3.5270595676056833,-41.796060953478246,-18.49143927896122,2
60.252961309704204,-0.4712891569925288,1.2886433605878331,1.501162017998929,0.9491160365709208,-1.427009876242761,1.8127565880839762,1.4581267543226324,-2.322509557532542,-2.681585368636301,2
53.12206687017782,2.1832503861126424,-15.045870767939775,-10.938305925270187,-6.570112418574429,6.027720628311219,-7.036807638155085,-1.6519838673474796,33.99056424642327,14.899884757320747,2
71.95931014330804,-6.607602396987941,27.050485042885438,22.907101612996996,15.225281335690761,-10.726817950080717,12.18878571117957,5.208083351626238,-59.74796158379159,-24.130900823427883,2
55.41250203257355,1.6661230081924034,-7.448377409289144,-6.932251116605302,-3.189483992596472,3.9826856333653207,-3.10284667992096,0.3284649655268981,20.163294025144648,10.374159176013384,2
57.04881269735912,-0.33601552596941675,-3.1550119498407345,-1.474223411260939,-1.427689748730544,0.3336947647452519,-3.0392005566657208,-0.47824942471553755,6.617448103673782,3.6624159142506736,2
55.89656039910266,3.937324504088553,-11.263433691661094,-6.66874821932878,-4.866704998149519,4.127816539035715,-5.928171863825191,-4.083266342910773,23.674505495254955,9.184052875378404,2
60.18541055668994,-1.2296573355716625,0.6232751430846638,1.6698085711867208,0.9472514705513453,-0.8044061294503128,-0.34478043526665647,0.17506003074670434,-3.2115918120344062,-3.777240769977114,2
62.13337148853779,-2.389986668284426,6.657879013184316,4.174178504953696,5.370021472595649,-2.289368497541239,1.4816798386349288,2.1820384501130863,-15.820078890636118,-4.631547996497681,2
60.53852436401622,-0.6113302592937925,-1.3911909240993974,-1.8117187652939055,-1.4382199124549173,0.9567425159464321,-1.92241009938699,-1.3961948628920968,4.50515952240248,2.2773978381709226,2
58.983778221900366,-0.493434859991823,-0.5822871409289304,-0.8437915782846861,-1.1058133642661085,0.5151143785273404,-2.5723483476960283,-1.0793232374519126,2.4900384975364998,0.740193107702217,2
55.54882420107948,2.241959262444758,-15.62653900402371,-13.297806747858072,-9.097799769740057,7.905393615393788,-7.522467656390006,-2.162272591553891,35.33979085376419,14.7627335588951,2
58.17693179587135,1.0146640925931456,-4.48828693511305,-5.620228647809619,-2.141229382795547,2.583417367668735,-2.1485545217813367,-1.7811253497774633,11.600718373832002,3.1324547682620993,2
59.37909079861211,0.03552836243803842,1.3039683358835406,-0.5159723243868739,0.5014655771263012,0.10795561863510553,1.0768292409458933,-0.2592866645855316,1.6894941707113145,1.4903922054879915,2
61.73782218528006,-1.70469297213024,3.0270320366262666,3.8610459110933792,3.6496133124268315,-1.4941571488413707,2.6330008300642533,1.7937525069166793,-9.548163703079135,-4.5927216124408226,2
57.15259506961195,0.23943821736886672,-4.448700276889864,-5.853777195935823,-3.4703205443365728,2.7902584374054022,-3.020141472624636,0.7276361794248808,9.675335760230729,4.065958981458659,2
56.19878032091894,2.8369407862399036,-9.365867808505701,-6.612641696410011,-5.0930501366585315,2.008845170419024,-3.024694335658414,-1.0699522592112987,22.706488589897273,10.451739106144158,2
59.18495797046889,1.200911552445497,-0.752245432425603,0.5800455155381331,0.348526702177704,0.7234359878425893,0.41100846411926056,-0.5554706260264489,-0.2111064351766189,0.6874509558164166,2
59.9824336318968,-1.6208643552228683,-0.9618686286328051,-0.7640760317384561,0.746798041459113,-2.000855912739873,-0.5715867938891976,-0.7402931452832536,-1.50234704995932,-0.37224132456583475,2
59.24037253722321,-0.19691100622366892,-0.023709644936793894,-0.7571583781920644,0.03364148652085487,-0.935233421455468,-1.7398587771572211,0.6019293652075668,0.44764722783138744,1.2186800402174311,2
61.373662334176394,-0.5658445037079498,2.2473950562594283,3.4636345771023205,1.5066654758138163,-0.09347377167794524,2.22835650888389,-0.3593682439179028,-5.942034209139555,-1.4648767412503851,2
49.99266945171732,3.4420845381200462,-20.13227197565585,-17.34525194449212,-9.830456755072934,8.77131851921486,-10.03356624275381,-5.0593785439903085,44.40254933491951,19.101770201477358,2
61.753466310689326,-0.8827949731700829,4.362173390827223,1.773694149986378,1.6410851977518668,0.24297759533664215,1.259789589601009,1.0650992391578131,-5.323332256344503,-1.796733925542048,2
61.92623718456465,-1.8829689197751796,5.270682160121805,4.485440494180491,1.6388598080083256,-0.6303031333600431,3.162393480040394,-0.17047688247238013,-8.873293811269692,-5.590536067183511,2
63.574691458238476,-1.3804724388705996,5.797156446924345,5.043300816636074,4.4134914282512065,-3.2745934382235458,2.608559772618259,1.4155114187343312,-13.716153972072474,-5.578486047537474,2
61.770957500770976,0.8731076047448643,1.4788893119513555,-0.1342762909060783,0.3710081897022412,-0.8429240264811366,0.3609638576058227,1.3633879642519793,-1.8395324376449467,0.3956630025003355,2
54.45924003436995,1.7592521271994614,-12.302774813634478,-8.178618137071414,-7.136799095173793,3.5478034268335437,-7.060727463115621,-0.8727463903295722,29.7892900492791,12.769203397106331,2
54.28094304859761,3.3710758471725035,-12.596408870953692,-10.938505276750488,-7.0224726323916125,5.2847453723000894,-6.7026986467206395,-1.890464166678694,30.018089717713142,12.67949032636412,2
57.23465695937355,1.8574495284560364,-9.90263164123698,-9.044557324179223,-6.343802332243718,5.1467475676334935,-5.262849563169584,-1.9788797087170913,21.788545308806622,8.297874753673431,2
62.28955346561187,-0.159813680033248,8.069993938755044,5.698553386279855,5.265729249411093,-3.1974698840865017,4.526738323962288,0.3281355916691513,-21.611184946379563,-9.124047267292152,2
58.272743513792435,0.33746216935435824,-2.8641425403020278,-3.9424221448867995,-1.5540359531886903,2.418239564254662,-1.5883211353080662,-0.12698363401072837,6.767131625865207,3.730316665584316,2
59.33712120539012,2.7753811816679885,-4.797018479030345,-2.825267528785992,-2.6079057860930734,2.7625521568523825,-1.872236617957652,0.4092389131903469,8.492834658493948,4.165737320996553,2
67.60467298336403,-1.837932317332829,16.463583554789576,13.889811570301514,10.68546902293017,-6.575991922334656,8.473976653922783,2.0839886459948533,-39.541329181748296,-15.281752959955064,2
60.86751392274554,1.9050035992737657,4.030290313197559,3.4997974007355483,2.5694917539340416,-2.1552048834468938,2.7159458813755126,1.2343547053583204,-10.625406679639429,-6.437181961025081,2
93.40357404992449,7.30463599286768,9.97901704559083,-3.441655520237791,0.7392697904134191,-1.576598094912983,-2.979418260970683,2.8039058370259315,2.7698944570194706,-6.633478510573691,3
98.05366748162963,11.288934348871214,15.422058258248505,-9.248035788291208,-1.080133910290498,-5.034857498760745,-8.781507969757795,7.061439067615114,2.3518071341954037,-13.514417970562162,3
93.39988408989815,5.441663437659085,9.412300586356348,-3.6103293688384452,-1.3683436142954268,-2.3997505230611056,-3.676818781521711,3.959709084087055,1.0163203828977503,-4.852684950280478,3
95.29638812230233,9.240986461098053,11.175865055370936,-5.31652002846544,-2.94853677043128,-3.2494084060955037,-5.820620394571247,1.9769148186159562,2.605438187031347,-9.021256343785815,3
93.60422404373894,7.219985165693711,9.706217112386383,-5.596538387886852,-1.360465396496104,-3.4209803056757173,-4.545762712661063,3.2646392564763462,1.2634755273259515,-4.774076033211777,3
85.20717565986737,-12.271504049335109,-18.027133370816774,8.676836224691653,1.396002165606477,5.6488252703204065,10.985628819035846,-6.0800679373244755,-3.069058031570382,12.361806807092059,3
91.47026911306038,0.622112670737213,2.2259560747219416,-3.0260905580450297,0.7440217479319956,-1.998793393235986,-1.5125414326936588,0.5134128100324995,-2.1185313715609437,-3.3818069488226725,3
84.85438804786801,-6.467037930222316,-8.439228259942702,3.941419091728323,0.3925392742216925,2.006691053654735,4.605060015021747,-4.361473428900428,-0.54673968757556,7.952743548203431,3
92.34502610327182,2.6683822580537373,6.1070933476613005,-4.4273704932034175,1.648203358150619,-2.786134081242087,-4.680699052397679,1.5670720713234019,1.1188817659979728,-4.968171443143011,3
83.32458901453636,-11.48919062408843,-17.732133345045177,8.457392630629842,1.5495880814750436,5.3870405200780755,8.771951637666247,-4.6900147282533275,-1.9839675108081645,9.319388700635159,3
92.68959578206827,1.0428336652076382,4.326826547334924,-2.296826104101228,-0.9043342803423171,-0.6345273446177239,-1.5050337862059426,0.7545577015471168,0.06353319786910899,-0.8758254365892962,3
98.2657990509052,15.290310461397791,20.409125945177312,-9.600255316470593,-1.4271559107786111,-5.458699154701843,-12.899166928187999,6.233025546314005,6.287585889361162,-13.556137101500807,3
91.49322567846777,1.3006739908450529,0.3454301687516286,-0.9094970071460157,-0.7376558820809643,-1.452605131328296,-0.9305341565473492,0.17458895791949447,-0.030510107626082097,1.5688916266300121,3
94.44625397523093,7.1353466118585605,10.803269958753555,-5.634355359222257,-0.9384884101732882,-5.039137034977617,-4.735190801196197,3.7926555401776425,0.4431536600730028,-7.14785530787185,3
100.77702115875627,16.476709756067226,23.448963058417537,-11.31419357941468,-2.335552668621899,-8.512585866243262,-14.305181041036448,10.141384772227193,3.1194456633132805,-16.39700389091192,3
86.47418575207188,-7.339216491064254,-8.770035846273013,4.669934062035237,0.2754871386855854,5.6442863121365265,3.368649111338039,-3.587197745139787,-1.6129839117707578,6.281977760095263,3
102.57173202812943,21.081062932954246,32.69142390909726,-16.68332142402993,-3.349555032173948,-12.08744804981547,-18.518020452139154,12.06461386758271,5.715798450339633,-21.993500036911104,3
102.7913893972911,19.843182511575137,29.622726142159348,-14.337840568177754,-2.5823741476741717,-9.576232402792368,-16.73092586865881,9.207098136304232,2.9301872117187298,-20.157939437412466,3
85.94996713649051,-7.805976620149258,-9.970254785987255,5.794778659146937,0.6703809319895804,1.4140044041896527,6.112767019287642,-3.122091985905287,-2.231054579353116,8.59773177302935,3
85.79104212729283,-6.692084794870188,-10.102749124838358,5.624685114512242,1.2836027334969566,5.216003109131554,5.510883403266491,-2.8854991991394927,-2.2185392408637954,8.974382613966673,3
89.19966904228406,-5.131255843462183,-7.531549082774132,2.967694626890839,0.19408939292092936,1.4747446468642713,3.0686488993660053,-4.047217195634424,0.42834870673644376,7.191659754890265,3
79.82927220694889,-19.101427740240617,-26.813396383377118,14.496057110900948,2.1149975546307087,9.739177721710494,15.110404930457655,-8.430468361242154,-5.209440056686148,17.49401952303314,3
95.8108791877341,9.033613372737534,12.007982211118875,-7.678119196721957,-0.7796193917529313,-5.645356555448741,-8.305625295899661,3.407226199002542,0.31708573005769575,-10.50847248119268,3
83.71164304868324,-13.148308472471147,-14.11187567607572,7.961736736247572,1.2271187903037677,5.022606403712933,9.101715569435815,-5.826244434361943,-4.935617968367922,11.098892252744522,3
103.46876364220293,22.50946508705121,31.879195057076586,-16.606216055233972,-1.5733080501914496,-9.941905963021927,-15.153849231883928,12.21950262845196,6.7866799096954455,-21.12998420010226,3
96.26975139633936,13.653997361679476,17.7707985265777,-9.079443590191861,-0.13211313679476477,-6.362364224553368,-10.610138367321547,6.930080797540345,3.880082549678119,-11.53842830093241,3
84.30751657710319,-6.2612089931676325,-7.081788935364075,4.194055619900812,0.23494747056541193,3.116422011851023,5.051469361293435,-2.471628203379876,-1.398823353443171,6.173450980014964,3
105.86191346078442,27.098340528972937,36.93905038203662,-19.29875237355137,-3.797876390893653,-13.256260215736239,-21.81240313103025,14.151803477933045,7.205317781147475,-26.66358976697673,3
101.51193520627181,19.056221576990296,29.378320372960474,-14.277593969665075,-1.230652542720689,-10.817687983250737,-17.20803900192075,10.39515181900914,2.668448878056055,-19.37969456059648,3
92.3188748498721,3.09329659989322,5.854594394117272,-2.43154518570948,-1.1762395177709708,-1.1967617647165092,-2.5672059961815985,0.9675357062284993,0.05689169537263278,-3.1988732669097635,3
78.60787597677148,-21.670595796351158,-31.02803972411082,15.079262292160736,0.9984930905219805,12.24924326220688,14.668613842766137,-10.383981178584436,-4.11680871993589,20.85402935335751,3
90.66725697404182,0.5091790482469783,6.138857482896972,-3.3238188610825232,0.5733974910006622,-0.2028747080050488,-2.4113767885391817,2.6174559869457354,1.0259344923556841,-4.1503593658917985,3
90.7957386063277,3.5721752689099837,5.68000773981289,-3.0023357855782864,1.2306261457803955,-1.4341768820723653,-3.2534315108753065,3.8221854705311538,2.2785952593609586,-4.11468527274933,3
79.03060100636732,-19.191746931032462,-27.064807149187985,14.887063726041303,1.8726766472707717,8.09438402875238,13.559039604072817,-11.225890127716028,-5.289010822225835,19.369283765426463,3
88.26768667733843,-0.4443749830381677,-2.2890330865199964,0.5031076144547899,-0.7206530069347372,0.5806517583097608,1.8759075722430372,-1.5120144174116175,0.63068512417835,2.03376352176438,3
79.74057902022021,-18.17800377820115,-24.669851460508752,11.070958764173627,2.1779733004337007,8.297581403207213,13.431264950569979,-6.58776229270642,-2.759188671081334,15.304814849625535,3
89.2213458447623,-0.536202025390062,-2.267477259820542,3.5111321769206083,0.16891812440028986,1.5525754492608645,0.7582579491762386,-0.5239325705361373,0.7403065748081094,1.2837791149736093,3
98.18486102281163,11.632558316479514,17.74693114185855,-8.582184408761124,-1.1582180201772554,-4.886864477840322,-8.234479073393912,5.2337679414020295,3.703718264978152,-12.376458108007505,3
93.01383911947248,2.341069299426932,3.6360376814917994,-0.8216523138186833,-1.26101786899553,-1.660196651320046,-2.3634535550854867,2.2229064371180183,0.578841429960883,-1.9486256427151964,3
91.08619434369719,1.9018995240786871,3.1258445774628694,-1.977020927778431,0.8454062827437769,0.3866660897942673,0.18950209716512134,1.0557351765878187,-0.19673719819457203,-1.4850626607015087,3
89.5169207593354,2.022971585580926,-0.23862910130336012,-0.5274712112240194,-0.6103022908691438,-0.7469979606716427,-0.6024852184274563,0.8292343082427607,-0.9776255587982982,-0.002222975272898442,3
99.49058108263196,16.682499907701267,23.333965866553477,-11.78981096789123,0.5058598309301405,-6.736472401429623,-11.003929206730268,9.170315729806465,4.751211209424424,-16.886913774408608,3
86.26835467192426,-7.226188818882734,-12.211715448310356,5.403408008656535,0.14874634305784118,5.567396986862722,6.4408916703055,-5.075545784126058,-3.0311520869422837,7.423028093052819,3
91.00127216767653,3.735277452665068,2.703058542192176,-2.8161315563057214,-2.0009711361276774,-1.8532026323718156,-1.0409396300161817,2.394174256257322,1.7907008844445165,-2.9611481285412036,3
105.25687129384683,27.392067067532118,37.9727789730435,-22.610347177509027,-1.9563856682394931,-14.732979191924231,-21.01403484124806,14.507006059682956,7.215382894578954,-26.522761293208642,3
89.66164571667775,2.6114904742755813,1.5731936702144722,-0.6191960130329432,0.45515188351138625,-0.4580364661413603,0.63469765783228,0.7527219737921674,0.5267265024565131,0.8291948559311644,3
82.64758513490081,-10.35342965040875,-14.931550176345041,7.148075347073414,-0.39529859543829704,5.625662683691721,7.712767731299031,-5.724286713436205,-2.420027558716867,11.177982160825332,3
96.24950400083745,7.863800729844836,10.96889629228166,-6.605282239400367,-0.6773555458562065,-5.535356911162826,-8.356746075094842,5.115154164657186,0.993684895085174,-7.339045132590208,3
84.84465857471554,-5.745071208865007,-8.063312218461181,5.683193907868646,-0.6262732067882953,2.535601658244533,5.184272421406191,-3.0601552653933113,0.013825001906127937,4.763930671606425,3
94.98213787718014,7.263410726365565,12.519103191549032,-4.848809926767908,0.2973696837240404,-4.508700651605407,-5.62302443339248,4.736564688515262,4.140152949451662,-8.218246454019187,3
91.35008701245185,2.188351686017425,3.140851425476792,-3.232067429437317,-1.49590469428295,-1.2400197448583363,-3.02821987981734,2.0705076220194596,1.0756780769526508,-3.7217327040130996,3
98.6942956773803,14.022107188033182,23.144038197196966,-12.645698360802907,-1.2852809212933562,-8.397792538397283,-12.677568409932402,7.880660774026955,3.625738955854611,-15.789744411620145,3
66.41610595552953,-38.31846324340013,-54.72995596702715,24.778380788660833,3.159426438114973,16.816222876668665,30.24843678199592,-18.07734093623974,-8.847352165768669,37.976633742217125,3
91.34137962692388,2.799982514147102,4.390708279804834,-0.8444402085831011,-0.7800858225481481,-1.0618484041910852,-2.9741164002558116,-0.5061516966452145,-0.08957623337420836,-3.2962519902522467,3
85.56282930001339,-7.516375811042575,-8.979314375098127,4.781905467471451,1.10542357240399,4.917678182604828,6.031040241309026,-2.1515239711310916,-1.9802270731068303,7.553049721780113,3
93.98888844060285,7.664407995846521,10.543704837433026,-3.6787544968844186,-1.5087654092779972,-3.164439261195909,-4.5865645307747265,4.075188286567563,2.7729344456934815,-8.084127908437523,3
94.96223512103991,11.686696622900989,17.06447908472399,-7.16875660133843,1.4256732943044517,-4.646672657471457,-8.501054494589555,5.433291869259381,3.614342292034782,-9.235399479691843,3
88.54523199517209,-2.5201267559289917,-5.124974438915074,2.2172185875106463,-0.8279169631406522,2.6856707276648635,2.854765572696879,-1.7188609183715897,-0.23476362164646003,3.522399866136566,3
99.503198905025,16.994302558448958,24.0193995815491,-13.536147667173951,-1.8575242772024314,-8.04464395136021,-14.463889730995406,8.132781872945491,5.091624497993398,-16.973331443419063,3
102.9907993580276,25.309373428354593,36.50341307701572,-16.662426024030946,-0.713591781487022,-12.725490866650969,-17.30652600873118,12.110493577446853,5.785489987322468,-24.630416168310116,3
74.61206707415127,-24.142284164484806,-36.062688236434184,17.500200212443772,3.402731345512832,10.76056079458283,20.29253592763782,-14.039831084186158,-6.755996073634989,23.502339586038296,3
94.02536978154458,9.980255125601873,14.008226532419089,-8.893760972226756,-2.566497193183584,-4.7541047443461215,-7.234590097695126,4.8201991140597835,1.2584262624882698,-9.723630728095026,3
85.01735793546275,-9.57092354785084,-11.694129344878537,6.972092134334893,0.3206941676812228,5.153555516180313,6.043279567184952,-5.2253679698902715,-1.461651580881959,9.42793814840009,3
94.18059446422976,6.16297502781953,9.642248451834153,-3.2130256729874667,-1.8420988837131065,-2.3553299042953255,-6.033809083215365,3.8346517310891297,1.529094053772459,-3.9905456293988877,3
85.2710635014923,-7.238341238342169,-8.660628056987596,5.701332148729358,0.9038027285774374,3.5494752800580303,4.128926345353752,-3.5779268175663557,-2.1734182776018414,6.034902536125843,3
92.25511969145525,2.5340044769468286,2.873183701226329,-1.4525243742451663,-1.0662042925111475,-0.3358452542593569,-2.1221509234149627,1.6299792902984875,0.43553080699418223,-1.5263063922102222,3
98.90711491142149,15.880132153716419,19.639627274334007,-10.89274758380461,-0.7718589721590517,-6.248113365061919,-9.870327814191638,6.919150550348258,3.8276828812158525,-13.521777516015675,3
81.56827870174965,-11.68348358423037,-19.204772531006476,9.861826281917851,1.9650041495348436,5.757953862295602,10.739553395575259,-6.63701698243421,-2.8965138012155096,11.223927535396731,3
80.90263187396195,-11.778930133937733,-18.56203254057425,10.381928777891204,1.2965203561000351,5.705386883557102,10.113880734147184,-6.418376065782504,-2.089389569553711,11.890474730194498,3
77.3323027820969,-19.829414943702126,-27.18024281588623,12.292805492123582,0.4286368483869394,8.199744570545446,14.790645706093159,-9.609428739392293,-3.47668272523156,17.481570783923814,3
93.19569403679348,6.843265482244117,6.741834194741076,-3.5894990281516725,-0.9783675147893265,-3.0082283276245,-4.924487840558373,2.896635969135191,0.732311224525817,-5.0221775360581615,3
86.80785363312472,-5.152932366277502,-8.768445625445533,4.7782523855279235,0.352083287815272,2.9624394224125203,5.371659132046009,-2.586675186797754,-1.911287770167389,7.624454311045022,3
88.27435274183996,-5.1729490170694135,-6.213414297605118,4.103863740732587,-0.5766388981989063,1.329223394287843,3.842453800100401,-2.094822889148663,-1.8236431534879605,3.3960556865264966,3
77.35684929375053,-18.521177877847148,-27.23802907080511,13.117265830533015,0.5966639478548607,11.115666436740268,16.010161714389145,-11.924672284476266,-6.036898927220155,19.303635420592656,3
105.88755834611703,29.61830575862908,40.366711037478545,-22.091835451479994,-2.4499911807877828,-12.470859314381306,-23.522508129303656,13.735971764275739,7.142425952802634,-29.98022954072661,3
81.6086275556329,-12.203489844852788,-17.9970823819654,9.172658993343278,2.042254977426155,6.113940401373498,9.043336861573636,-5.847687044435338,-1.5919177436442107,11.049450136846273,3
87.70314416269673,-4.306971689407312,-5.026727788428691,2.742636592735814,0.15710715096271421,2.1779083143498004,2.070538012011762,-1.4401887872954209,0.6065934848044171,2.4951013672647715,3
82.77321384664714,-11.092211003157708,-17.511461693209952,7.897768273086619,0.6698392508541253,6.90230839694177,8.83732829044142,-6.426304523638252,-2.8382175905947298,11.164304894137917,3
89.11540432849118,0.5470541972822196,2.9176223585451186,-1.445170561237386,-0.3321686600583492,-0.4610308073683085,-2.8199405583433528,1.2844572869648903,0.1600331484837867,-0.42758605328314525,3
79.74765941972066,-15.304210541734225,-21.84954861930171,12.937067097251957,0.7178738280881681,7.0170020318865225,13.37583024136544,-8.45762206364373,-2.6973162832340174,16.881274067975184,3
87.65124018413692,-4.747224663366904,-9.553854327041769,5.2902130177574955,0.793615068113641,2.173775861114541,3.7254476174482374,-0.9881175097332271,-2.2503334703321984,6.739386002309814,3
88.98580015718831,0.9291263452091736,2.0032190217485666,-1.0851686377228524,-0.2524619579320836,0.3070398838941091,-1.9839103146289894,1.2170908855620421,3.3040542046260146,-1.985547736810747,3
94.66122700980647,6.0222906039892345,7.187529309680648,-2.4002944991907507,0.8227563355715185,-1.6020678483292001,-3.748335319797942,1.6315167351312096,2.5797018907629,-4.41249640904231,3
88.78627585296502,-2.3995578227767247,-5.203304154841281,2.4637354461692187,0.6046768942070315,2.4421633469377806,2.257878123414327,0.18208957578073642,-1.200461097335191,0.5455368031706938,3
75.3157000585249,-28.212507989387444,-41.129024040545865,21.60528290355887,2.551183780024588,11.856926694090596,23.88711637620038,-13.073342190241297,-4.913337016718402,27.117063519490564,3
85.60123646511306,-8.613060598845756,-10.244661684879901,5.9716483311015836,1.9357357349454927,3.378034934305354,6.408709361293991,-5.082075513590962,-2.411349028987948,8.974078898117128,3
87.42017033919865,-2.7133979236279697,-3.095710203555827,2.3456498831482824,-0.39416464301997306,0.3809209235140325,1.0298307471113337,-1.6923907626642678,0.36748963656357686,2.2677283961987915,3
99.36394843418933,13.75475331973781,20.213677289046494,-10.874375359927516,-0.7152198971118293,-7.436731560905423,-12.021958567941132,8.503764165650175,1.6548106681647563,-13.957051149016522,3
79.75666312238401,-18.512973685824054,-25.726119124942677,13.309012211173865,-0.6141974826606595,9.448124440767547,14.19034341381506,-9.065206098850364,-3.519123003938935,18.48222332227002,3
77.36630488225974,-22.818475887255833,-33.78973963115653,14.529466317796276,1.2167299786009325,12.128439961094049,16.723241640114676,-11.415538148127103,-4.085659288202326,22.14191851505362,3
91.47611041461158,3.3134006226951778,4.212841661507046,-1.9457168700272442,1.0509102156012646,-0.9768139790187409,-1.0762784592575019,1.8034421621157943,0.3062706456645737,-4.27363246077165,3
82.31536783441759,-12.510484745108283,-18.940698112249606,9.907752441202653,0.9839681587882783,5.75579754319261,9.873520739993921,-6.444042727909131,-2.6796455868605213,13.701683015952122,3
96.69962828114909,9.236716902272057,15.052592715465092,-7.8373913613139905,-1.2448910581620842,-5.429174168646389,-7.7061778459275105,3.467800165881391,2.592716937821593,-9.77547696044493,3
79.9153891167064,-20.809189610077727,-26.525445873275622,13.795086827953545,1.2469917807018849,9.292412214566246,15.11380564130661,-11.58626897502483,-5.552346633422297,18.961610096350103,3
83.55882622021689,-9.439299313712665,-13.884416685130455,6.359372534489866,0.6286206837425368,5.657705597607867,7.781165389121205,-6.549027127864952,-4.189860266171122,8.672543504364409,3
84.40619387891508,-12.24542818764137,-17.978644891268388,7.747801134702446,1.9049113915703209,6.596844052847297,11.296757083763085,-7.248532006861428,-3.2418925206378053,10.937362359466237,3
94.12138113384614,9.234259304374639,13.213391440395682,-4.272845745482934,-1.3153202847169378,-2.0253850227750845,-6.988282249312411,5.401083883439256,2.9947013181500837,-9.473624757080383,3
90.53354987934526,0.9819602394640499,1.200892906487369,-2.2544714773963257,1.5227320533469462,-1.0311382674704666,-0.36004201517507006,2.9582513011057348,-0.8018449391851792,-1.7279999112325526,3
91.64062592157707,1.388490017059201,0.6202052497977036,-1.680836534756294,-0.7914235762449375,-0.8083053408549197,-0.10941054878613699,0.19321689677506654,-1.4313628213614755,-0.1256436397077903,3
87.11460410348894,-5.538214463116143,-10.498019704050684,3.9284227309268522,-0.7655100339745649,1.644713764095631,5.711528338243978,-3.8735752798123007,-1.3231587604179078,8.206886809599093,3
90.84810543642195,2.2742636985140336,0.06500212025540653,1.3711547242341204,0.3870615463735855,0.356456182696435,-0.6441261098995612,-0.5124934203921667,0.8312268498738358,-0.7349267635611051,3
87.41164832902835,-8.016767506778551,-5.955170670763027,4.1792554618377835,-0.9949254187635803,3.483997028054309,5.204934767555648,-0.47569527428838465,-1.3347152809428942,3.047044929201702,3
77.09652605245057,-23.616535061895622,-35.40493591960803,16.14159083560564,2.3287825538204476,10.293730851638596,19.781366114311727,-12.144372482994065,-4.774003439946069,23.67910335215661,3
84.9423646014155,-6.911568138145668,-12.651139013023133,6.313531309540567,1.8021517910906915,4.293696712213017,5.7199834335795465,-3.932202987867082,-1.4946928919424436,6.968306048365632,3
93.33971603116085,5.522859048188417,7.043375583737272,-2.9887802968986,-1.8470650644032276,-1.549949746326422,-2.4450639567942236,0.7410157287905791,0.9234284339378575,-4.225449443619677,3
76.6652656922081,-24.059369854867153,-37.300596115523135,17.583245641939172,1.6567188417294116,10.66880179580544,19.51914800200456,-13.550992975835852,-4.269050100272827,25.918361319472123,3
92.07737042812178,-1.8399522655430034,-0.9330604290625153,0.9823930712063198,-1.176567246795624,1.5638001328440663,1.1340473048295951,-2.142678331098256,0.4364848177612008,1.1253074696161602,3
95.31120953404539,6.90820056306619,9.769587978274961,-6.028241933617829,-1.0182314269498258,-3.5224056671127046,-5.900299463639532,1.891388153208938,0.7370373562875391,-7.261115153269032,3
92.05764422746842,2.7399907470727456,6.333505538189993,-2.5826815564983487,-1.3520884449096486,-3.456272623710281,-3.7327247215423753,1.4881384653747693,0.7253402556265507,-2.836857935411282,3
78.40649760360358,-20.82505732338723,-28.70343469177993,14.454383781261054,0.9607944712870764,9.033296521949524,15.44474065184199,-9.877556448039357,-4.230571506253748,19.158893966619694,3
99.12055496057512,17.593552608669313,22.744531711037205,-11.524904793273098,-1.9976145702331953,-8.752487153758862,-12.899456675944398,8.399595076089652,2.207169723655593,-16.90565719716469,3
96.84062449184076,13.402770575432223,19.662260560353708,-10.06972849119547,-0.7113111251481448,-7.049911890238716,-10.138776558802395,6.218532821659298,4.261632388650557,-12.987395473224971,3
91.55684818157306,-1.229605947086685,-2.0116845121835265,1.6411613180843103,-0.4913091288777822,-0.9352686701269293,2.583599293801943,-0.20940360452979545,-0.21195948286732597,2.20977103550405,3
91.74296849459061,5.302912491512504,3.2241624105637117,-4.070886163354924,1.0596047430983715,-2.3455584028324976,-2.717865468254638,0.3619954052743275,2.1184413860241755,-1.390691106081011,3
99.37919015303433,16.712343046649874,20.28336377646445,-9.978120821147618,-1.5525533735707615,-8.324941382388426,-11.05598270996207,7.610675982407287,3.7915931599664283,-14.831976894496174,3
84.52672106449229,-10.810250697187964,-15.821320732711424,6.529329491376096,1.9049753513667946,6.026996936894556,6.92371086041814,-4.56163293348991,-3.666181022228612,9.640769994717253,3
88.10315770112162,-1.381028387338502,-2.1223529694771504,1.0399150331818328,1.0861419718759142,2.9158089730298156,1.1142322796840274,1.105892168856356,-1.482354158177735,0.7948681122593309,3
88.6060690883404,-3.268142576040778,-5.519884264839041,5.062073668249727,0.6691181032289041,2.949261641116081,1.9521120777130099,-2.404230761969569,-2.3641247683354503,2.3854637739741027,3
81.54693193711934,-12.07470047186661,-20.523587629858326,11.94150916873144,1.8756019871649956,4.7497743802407655,10.722699283075308,-7.342495487846964,-3.8643314435278846,13.256488143905342,3
86.02923844568758,-5.95719114328499,-8.091604169427637,4.947874061787014,0.5717128961414034,3.4167382086847717,4.54030258962042,-3.3195892826117874,-2.4635498274340897,7.208200331546958,3
86.85539123763874,-3.4490769837037165,-5.27761028617889,3.5515205833204657,-0.5461743214410577,3.2540443612912138,4.2684139126099545,-3.46513612045113,-1.72253280909458,4.752039496439194,3
92.37674944184833,4.723585634006002,6.655694540409825,-4.306841437395281,-1.3587145213306955,-2.7230789186997972,-4.721573824825339,0.8820543753915914,1.7080939782786968,-4.072103063296876,3
84.45028665293155,-6.0640409782617555,-11.524606975792855,6.100095266630472,0.5205553034185717,3.136105277848357,4.5231925209301975,-3.633515037837747,-2.4228961866969367,7.324911075202316,3
84.08400287530073,-7.250228102512861,-11.126968508264492,7.397813393406743,0.8209226220661316,2.4149259586843175,6.77224189172539,-3.847697455379281,-2.337530034614394,8.723547765927943,3
91.75271721699413,3.83607509773691,4.589691977152069,-0.6371439517172969,1.2052477817740603,-4.464175792601662,0.2689005422727897,3.1290548838494425,1.683587849340547,-2.8795023620537488,3
89.46762109535725,-3.302141076808106,-2.0381183790446125,1.7109753460160857,-0.028470596729889608,2.525722991523188,1.5149166893118782,0.3532854059327423,-0.8589027424499205,1.1147493473271197,3
88.74295063241854,-2.8305560710455246,-3.4643680908716608,2.620734022018898,-0.7404474534086063,2.097432561168232,3.6982007865530147,-1.329822526409389,-0.8738207309871712,2.430817875868746,3
89.73836720573368,0.6082399576963546,4.777329589493052,-1.941384079027533,0.271960637908512,-0.2758628813695825,-1.3249994198022272,0.9866660900284816,-0.4371989873059185,-0.7586070901272561,3
84.90014558762714,-5.524406287032863,-9.578597746847663,4.3721334269649255,-0.3803262982205946,1.6954665286462578,5.248611717088208,-1.368895258199947,-1.9924633390780921,6.44490859913976,3
90.5154402370405,4.164016460882193,2.9979366421750244,-0.7743128517392392,-0.825674499176541,-2.4989127448818853,-0.8614690317828031,0.7444335670301703,2.088625483900496,-1.9926977292056962,3
81.67312827005125,-14.783483098149171,-19.72946179694928,9.831112486469957,1.9911782020629358,7.0092225795653915,11.1048356203926,-7.4164912314817775,-2.164250563040863,13.305119707233063,3
88.45848598034993,-3.171615293277632,-2.5966635843855115,3.7900210980588582,1.3002401307973699,0.8423678211357609,1.8954456000892626,-1.0575153952794345,-0.16125623627302682,3.6607526178794165,3
81.25890162411301,-15.580020051082249,-23.409071051312267,14.112970837329929,1.8025661435141456,8.066785818588547,10.304354839733799,-8.41197950137864,-5.933342781992229,17.55661283835611,3
76.15841794650204,-24.503275221443133,-33.07659476707893,16.38490268742234,1.5441804156336834,12.101051011252896,18.917343558919537,-14.331689282738617,-5.233026856829528,23.255029873876232,3
94.19057173945218,8.768722394744424,11.1184002260266,-5.851092759435624,-1.8033413523196444,-2.1357193680925604,-3.0410867775190904,2.5520916977354187,1.2508458461918905,-9.048556907617574,3
91.0682984775825,0.4862336373519478,1.2819475091600518,-2.32140775328795,-2.7728728891286556,0.28861326305682444,-0.3004511963261798,0.09713493938873202,-0.2760291841932988,-0.25374908204720475,3
89.05713678000612,-4.528166009835912,-7.741165074389708,2.4738975286871336,-0.8204668977481555,1.9371421809345881,3.503760197243553,-3.5724696943042393,-0.1532488083132116,4.596450960448643,3
94.08498112984685,8.076611540781972,9.60038585811855,-5.443138923315524,-0.9488581412869763,-2.444380721383934,-4.761781997928742,3.050989160206419,2.047608775653561,-8.996643718912312,3
88.29606871847281,-4.227120991855508,-6.832929191250045,2.7561951567332605,-0.00471988535265952,0.2799754633406939,3.5088688594735835,-2.7090854904786754,-1.636956066197337,3.8815249768148665,3
82.18289146895725,-14.59565366682576,-20.69994967422942,9.825438082989841,3.2484725778946855,7.1246718690788695,11.67988590025421,-7.918370913086838,-2.5861148427706895,13.2602531615893,3
93.86263013463953,7.201334063897149,7.079220843621815,-4.159838798787849,-0.3665752736115502,-2.143119368572261,-4.025020717515632,4.031875586946271,0.7911480658644937,-5.493701543630115,3
99.2491460941176,17.73643878907579,23.177364453642365,-11.044752799911072,-1.6420498412269326,-9.384396335991553,-13.216976982337279,7.5464672562636235,4.119526927277942,-15.741909720320182,3
86.6086227492679,-6.503658883640626,-11.025065136820432,5.294675481014625,0.4522126281696311,4.002082249184133,4.646496243486479,-3.987413015785216,-0.9289060286717346,8.880731437705276,3
73.70004394101426,-24.55064123422498,-36.08496667251588,20.161134875396,1.6734713287809255,12.159451442752085,19.451068240087636,-12.585149936192698,-7.35424621716181,23.364531875746074,3
95.21586044173704,8.742331321730836,13.304990842783408,-7.3808255281843955,-1.0455782438585746,-4.499511572603266,-6.355179200057938,6.189554845898206,1.5937121078539525,-8.344861237418046,3
79.11621790331009,-17.446242496686086,-27.099591953809373,13.82012371478168,1.5159728649380415,9.458917900235948,12.520856288769933,-10.465767069950727,-4.123386155821388,16.251178545210053,3
91.50470078761833,3.400441792222634,2.3123459207675965,0.4969061432642867,-1.0980970616270522,-0.7143717864410174,-1.2064183764347485,-0.29875075304917437,1.138167223026226,-3.5320520296643108,3
88.43168654842042,-1.6267372845822516,-3.6850148708175268,1.7393483198459307,1.1454910259905386,2.016841127892142,2.182423123551165,-1.54865362090103,0.003882942039319579,3.7188191851196093,3
99.66091737816113,16.884422321822093,24.18266347528093,-13.532993286424123,0.16461746203722205,-7.493095806739967,-12.777589343618667,8.076100376173242,4.275207990722145,-14.740908913640517,3
95.28691623179367,8.944146374831853,14.129813676344705,-5.736384983073316,-0.48919150975943965,-5.653543238112396,-6.097912865320473,4.294945412546946,3.0446835139892747,-10.927164303129796,3
