feature_0,feature_1,feature_2,feature_3,feature_4,feature_5,feature_6,feature_7,feature_8,feature_9,label
-1.493572504944967,0.6023335966204033,-1.1854302200084197,-0.9733852661334192,0.29702565051073687,-0.3069547616078709,0.7043952322272597,0.3134245970113367,-0.14398064289495516,0.5827455817103406,0
-4.524759832943284,0.5545447379804622,-2.9753398402307547,-2.214188735130932,0.07930974044943871,-0.7103332368583565,2.3685870152155304,1.649098658347414,-0.3127338046046783,0.4356867909016906,0
-0.36772520316359447,1.5908519522639069,-0.9913287783590599,-1.073998938560555,1.0049799304120894,-0.32494818257161423,-0.09303790820776991,-0.7173317416648817,-0.17565217450479498,1.6536204465031046,0
1.996508163895269,-0.1255479186232642,1.2550721798170603,0.9080819435885876,0.04196636221756749,0.2928322365238051,-1.067124062977848,-0.7932666366365835,0.12641155711001767,-0.06752063786551563,0
-1.572743590699944,0.7124088122244561,-1.2861593807355765,-1.0701809882307054,0.3632510428427602,-0.3367350134428334,0.7272987125683714,0.28699858231069353,-0.15920792020233876,0.6954440619904241,0
-2.0500481678834075,1.2511087092674482,-1.8328617928818565,-1.5814898736521876,0.6818148983636622,-0.4946787265240235,0.8884531642800725,0.19648209551787035,-0.2388687508961297,1.244105939085429,0
-1.0958680987838139,0.25560569583599824,-0.7794239629658961,-0.6064192288232657,0.09756382114833584,-0.19300706609775903,0.5512509002835245,0.33259510185748475,-0.0875312710765085,0.2325025197642348,0
-0.7727398538303543,0.759422914966587,-0.8304395678354948,-0.7626000719745609,0.44293395065932945,-0.2362206468033291,0.2817236829950293,-0.0844650320524693,-0.11801338976432606,0.7702697910461744,0
-1.8988947705386259,0.957872476654877,-1.6002653339426174,-1.3486352115040299,0.5017095588132497,-0.42346012758574747,0.8600722266530595,0.2926919902775925,-0.2017221397188801,0.9419686091658944,0
-1.8249972081700099,0.6686530004400432,-1.4158265204292662,-1.1504325743986454,0.3194368022809799,-0.36342736223420435,0.873139580072483,0.4200611125612844,-0.16938530935507007,0.641563219327622,0
-0.5985591351618027,1.0179037280902694,-0.8515875978033873,-0.8392121384378506,0.6206421797947992,-0.2572502214188557,0.1388560192510524,-0.30206466773668517,-0.13317148147398367,1.046437439644247,0
0.655810132007195,0.526663427517764,0.13689779879865616,-0.030179173981850438,0.3806350216064097,-0.0019843107795338155,-0.45542848891653565,-0.5733483866231461,-0.013671637004779691,0.5723333614492206,0
3.429125384906914,-0.7089390703247075,2.3948575952287583,1.845003643575461,-0.24658033490654313,0.5882345999863998,-1.7417299338100964,-1.0907936482638436,0.2650642417725991,-0.6323874510161677,0
-5.936266692460359,2.4763859246244166,-4.751489653909801,-3.9164110178691205,1.2337598623745916,-1.2342466206468004,2.7844304489135268,1.2003446252548216,-0.5802642738194892,2.402392735528167,0
-0.09023974009629865,-0.7870819300798876,0.32766627656024827,0.41747138703392894,-0.5139958994487522,0.12380815165226117,0.1946679430206928,0.47247177377301075,0.07133520986020574,-0.826849454569822,0
-0.41691557147024705,1.0057433083045844,-0.7370425051227782,-0.7561674337395663,0.6239835833843028,-0.23048058448402248,0.04190472260216083,-0.37383010858252086,-0.12159875261939981,1.0395217994851496,0
0.5239058215808532,1.0571999517238042,-0.19924779515640112,-0.3922288395826732,0.7152164013123063,-0.111610953238575,-0.4813929723384973,-0.8085681889905767,-0.07278058193869535,1.1235059132250607,0
0.9593190326299097,0.4126463182377538,0.3737242714535427,0.1627738302292877,0.3256916953022867,0.058942784125026626,-0.6001171587370532,-0.6416564734691497,0.014771908698340774,0.4626895255223479,0
2.784186843979028,-0.061803298857279754,1.695307513928692,1.2008286449731351,0.13169699738074775,0.3887806379302896,-1.5090586478565067,-1.1686207779451092,0.16527498090529996,0.02442498473362187,0
1.6126808747113976,-0.5840527350457146,1.2478099089555257,1.0126545564249532,-0.2778747466446228,0.31996964258346366,-0.7728183865446739,-0.37494307066462085,0.14901745117922321,-0.5597954108568068,0
4.250454514433032,0.041547554946521736,2.5222313030907455,1.7546330999119184,0.28884112535080453,0.5700357014952129,-2.3288939920110243,-1.8589121846190289,0.23910743369590454,0.1795547856024154,0
-0.10630773186382336,-0.1442228526699495,0.00634402037361953,0.03892981623198255,-0.09971694476755343,0.010495054865840847,0.08469615354803259,0.1253526720881463,0.00793588404281841,-0.15438343958426853,0
3.8818992425780685,-0.4771789897186699,2.5533043532824617,1.9004276300835972,-0.06896019145615169,0.6096575994721717,-2.03180458210771,-1.4140179261752897,0.2684399715123717,-0.3752745467022417,0
4.217080926559313,-0.29919137984327565,2.667487594339474,1.9377444844238578,0.06667589809020537,0.6244070536340031,-2.247728200567695,-1.65683137643711,0.2703150938834965,-0.17821785397485976,0
6.285512676000037,-1.6655554386573508,4.567230723097713,3.5935887731688094,-0.6884576240767742,1.1415064884533237,-3.124931271199174,-1.7977766404504198,0.5214372609290749,-1.5423909809996368,0
-3.075895430217713,1.3993051343190965,-2.518322417845683,-2.0964843656743204,0.7143114236015679,-0.6596090200563666,1.4213051908968497,0.5579874699538497,-0.3119552869118141,1.3664079298171758,0
3.6964120755328453,-0.00020600467823495006,2.211080620542296,1.5469356036127158,0.22771770085557563,0.5020138538803172,-2.0186128135311034,-1.5965914844394766,0.2114717393243248,0.11810950496959588,0
3.4419139142248545,-0.026237200410368366,2.071476562590236,1.4554931689446553,0.19521472200292478,0.47195263857917835,-1.874820205686675,-1.4723213751881474,0.19944327753472718,0.08271191901404135,0
-1.2785947377609426,2.072242046330407,-1.7695762301870168,-1.7335923557784145,1.2597978133652672,-0.5318635150371227,0.3154771532832721,-0.5890013448701765,-0.27454490730987563,2.1284084911426677,0
0.539203325725312,0.035681809280068005,0.3052188673186435,0.20499964439897214,0.05628654090809153,0.06705629743519796,-0.3010558246444069,-0.2525667200016742,0.027376948991978737,0.054614025142730754,0
0.4628416707073095,0.6645770873059365,-0.04539677822605692,-0.1906962704807169,0.45782869707089435,-0.05203084643647354,-0.3755212438889528,-0.5659506499077057,-0.038114294154761585,0.7105319149262415,0
1.9521828026975923,-0.0876889782848563,1.210202153597229,0.8676364584168058,0.06368994103230244,0.28026811225195203,-1.0499106726816105,-0.794970938258216,0.12019639222811965,-0.02930670043967548,0
-1.1229652325400528,0.8201613556419363,-1.0693752360836848,-0.9442868666539797,0.46058105905000585,-0.29428162602269253,0.4617661804645378,0.03336639808777209,-0.14395112126481327,0.8226431434664231,0
-0.6527940999029795,-0.7387952387800395,-0.03223471561033331,0.15413435545564114,-0.5174804653721178,0.03906511564302273,0.4929656519157636,0.6888788922682441,0.034461486057893814,-0.7943081043346334,0
0.6188470616300275,0.9580666374404669,-0.09439137648470286,-0.2951624625370648,0.6570312674237249,-0.08158061738988359,-0.5149298555669102,-0.794980602784908,-0.057714634626429534,1.0227668346668837,0
0.09943004830541957,1.2127047179005004,-0.5285463326775577,-0.6597978465527814,0.7895030938688771,-0.19613749951488263,-0.2783064325658595,-0.7108568238085644,-0.11217621720721882,1.272709070133846,0
4.478484103589392,-0.8534441323284893,3.092591540302908,2.3677018250030475,-0.2752430692624008,0.7557196582815093,-2.288103678389701,-1.4644880971813876,0.33913697335081705,-0.7500724982939206,0
0.06513088393240785,0.0942041212395446,-0.006720415841187738,-0.027230956108827725,0.0648680259141519,-0.0074401944834051395,-0.05296974248564977,-0.0800176684082044,-0.005430014387319236,0.10070296631659453,0
7.5382118845524575,-1.3484123551742508,5.162745988349995,3.9343690185955325,-0.40637414325543825,1.2568003784181947,-3.867625511518783,-2.5135626555599293,0.5622739225248082,-1.1702881744173144,0
3.0733204260715046,-0.0049066713875714485,1.84066236809648,1.288912776857199,0.18627316617174536,0.4182096879897619,-1.677467391245771,-1.3248514161493425,0.17628490315014478,0.0932429162700188,0
1.8307545585213847,-0.3138246179978573,1.2472200561978357,0.9476157071497846,-0.08987247099496426,0.30287004146577046,-0.9418263974367022,-0.6179726673980604,0.13522850524580138,-0.2699249865506435,0
1.436731282224899,0.5055674489377756,0.614228914739648,0.30880996081827417,0.41514440652657764,0.1077128010927133,-0.8780012527056174,-0.8990568935657726,0.033050973822516094,0.5752468489322968,0
3.8848594134392416,-0.9306739864040567,2.774966880590622,2.163959396511608,-0.36172310294669824,0.688455268767045,-1.9496531438703875,-1.1655305614531228,0.31268497183280913,-0.8499233821633045,0
4.869125324656971,-1.1707100318272081,3.4800873893037063,2.7146719000061186,-0.4561086328645138,0.8636150670327108,-2.4428328465671214,-1.4584930094100839,0.392318855104814,-1.069699209464184,0
-0.08791014409341469,0.7686502044722567,-0.42528804634574624,-0.4813601857925556,0.49110815975445676,-0.14481487798533008,-0.09397370799217664,-0.3853665935089349,-0.07973480081756476,0.8018513839414171,0
-0.07178210504909632,0.9439079066041053,-0.5006206278987386,-0.5759769607403737,0.6053139972449271,-0.17292146286805693,-0.13515439931816264,-0.48885787228782784,-0.0958456870282785,0.9858370914568408,0
1.5436578017669418,-0.14235402827179883,0.9923521779564379,0.7283005784700272,0.0031958962146116966,0.23423975768166527,-0.8167131852522644,-0.5883969522551173,0.10213984404850829,-0.0996103100826419,0
4.0069929458576246,-0.7141538098852929,2.7430332134950595,2.0898366901404635,-0.21432854275598942,0.6676113437297126,-2.0563464497559116,-1.3375376949219158,0.2986277417138585,-0.6193485167931321,0
2.8833145360876586,-0.7578926110609685,2.092121722597615,1.6449151084460705,-0.31184734654225393,0.5225752751459574,-1.4346141607766336,-0.8280632240222255,0.23859920597689618,-0.7011065693707448,0
3.0989041340092713,-0.9792222392415643,2.3283939285134156,1.863144581799053,-0.4415310679482721,0.5901139119879528,-1.5114667469334715,-0.7992903837523285,0.27244318326044853,-0.9259054416474386,0
5.644252155797091,-1.9153545947582051,4.304788940728422,3.4697233137977133,-0.8893490359926916,1.0976051353860943,-2.7285898896797622,-1.3831983549494402,0.5090324670347013,-1.8244217968279566,0
5.278975955147836,-0.559104644246191,3.4286794900016115,2.532438613801392,-0.035764630883708334,0.8135451757327823,-2.7796303583608477,-1.972379017038687,0.35632160679759245,-0.41631727992397616,0
8.196640990218862,-0.7631409060667746,5.272792284703349,3.871388005922587,0.012281495605118459,1.2450401602773655,-4.335310120523802,-3.1203211785834135,0.5430559263612391,-0.5365168656493102,0
2.802948592851027,-0.3926157592260815,1.8669349830990587,1.400015518648613,-0.08084232092681241,0.4485160566253155,-1.4581981151059336,-0.9945274752602231,0.1985002566851045,-0.32128717892900754,0
-0.5691542425158991,1.026097272274081,-0.8379721938479332,-0.831646233923226,0.6277475343884603,-0.25467341125622345,0.12128420432912423,-0.3192790881231373,-0.13228572614777162,1.055956168504132,0
1.0305148492406762,0.18925988913846858,0.5246257441179829,0.3217692776773608,0.1857787503377781,0.10722809046641457,-0.5977348042281345,-0.5493783869454614,0.040555802381324765,0.23111531794131454,0
-0.05694893678694768,-0.13833546500513177,0.03301291473583762,0.056179554239297685,-0.09287132450522727,0.01618029981643212,0.05665328054898175,0.1007890833650538,0.010187231894713187,-0.14664018198209727,0
2.9530472987643326,-0.1519213926773158,1.8400068226139696,1.3236133384953597,0.0838919087044542,0.42729085173194703,-1.5846288789786034,-1.191928597076747,0.18369324725169478,-0.0645102491670051,0
9.52509449102805,-2.2268942413037314,6.777145444468908,5.273905961819407,-0.8513758854822078,1.6784851343472718,-4.790413607008759,-2.8879869484245955,0.7613133132358794,-2.0263297691875977,0
3.7470927387293775,-0.40804573395373206,2.439149343034908,1.8040305375624985,-0.03261161313535934,0.5793996113713064,-1.9709553378762483,-1.393862507810983,0.2540092861963079,-0.30721730481097653,0
5.849857097584435,-1.7207840004509432,4.333426036333632,3.443225640090126,-0.750988039797853,1.0918911755024276,-2.876813390174985,-1.5791729510787575,0.5018834876495815,-1.614152977793347,0
6.6630136657220635,-1.4558285568582203,4.691337107563347,3.630257343335372,-0.5297102248565201,1.1565161996055107,-3.3698286911319633,-2.0763510309559865,0.5226484677382932,-1.310753191135822,0
2.491999446601488,-0.35155320836397974,1.6610325947226632,1.2461445920709366,-0.07348427109347618,0.39919021881842554,-1.295970333676366,-0.8828251803916808,0.17672162657736376,-0.2882543697656521,0
4.810665813321354,-1.5791448807284896,3.6431633108430743,2.9264397744035104,-0.7235498943874317,0.9262823052822613,-2.3354628052953865,-1.2082919938649157,0.4286709239376237,-1.499142689220564,0
5.930008044857619,-2.2938270352127814,4.65922642609844,3.8082033435600264,-1.1162175965405419,1.2018377343742088,-2.814734176946666,-1.2981869220425382,0.5621631562770166,-2.211480358261371,0
6.804252976358128,-1.5764433944697576,4.8343023857405125,3.7591223217072374,-0.5989179736528227,1.196547392738432,-3.4246814622788455,-2.070931271223511,0.5424506892342476,-1.4324982750161221,0
1.7476412456502464,-0.06274146360488217,1.075760558201237,0.7676139442004046,0.06719719475514974,0.2481783889457116,-0.9428165203706522,-0.7203570590403041,0.10607100171069854,-0.009737806990944592,0
3.6815500245946877,-0.8522019863888228,2.6153091949185194,2.033494937518087,-0.3235645416855359,0.6472800987026571,-1.853118748944066,-1.1209279743419183,0.2934279648657185,-0.7742826605024951,0
2.3403815835844832,0.3047129930653125,1.2521313315172036,0.8031258103908241,0.34109988113394063,0.2651515591471219,-1.3343933804974193,-1.1787761397759966,0.10426517391571793,0.39390790082997745,0
2.8727086889780766,-0.870534878576029,2.1403962139587343,1.7056271249889345,-0.3852649299707697,0.5406074525811948,-1.4080153040453232,-0.7614432731771752,0.24894032565550242,-0.8193662140413646,0
7.173711552054342,-2.3068773798406945,5.409466094964012,4.336196924261012,-1.0479845548715219,1.372990528029547,-3.4915235843231,-1.8282304423977787,0.6345770758322151,-2.185330216803099,0
6.919065138564683,-2.0259397760283977,5.12092947014918,4.067147427920469,-0.8822032132178509,1.28984348780036,-3.404352224196195,-1.8729618465630287,0.5927055065712841,-1.8993806660913388,0
9.317247466678005,-3.148834250083743,7.099856182372905,5.720162295467674,-1.4597358579697932,1.809634956548405,-4.506608530398614,-2.290439264516376,0.8390278485143501,-2.998120808944272,0
10.57493935018569,-2.883110426418497,7.723290092787175,6.09277173710263,-1.2105600605546651,1.934495705898498,-5.242531337874375,-2.9800623454607154,0.8851476070018671,-2.6796867020046964,0
8.449054268321401,-2.258646647328267,6.14891637552844,4.841986553042652,-0.9382153368878802,1.537846314255682,-4.196911135732401,-2.405691908884982,0.7028449296069413,-2.094014864559237,0
8.729816477644663,-3.0864633627862417,6.71824623949485,5.438269246851576,-1.4556558399222599,1.7190789026325572,-4.197327007265043,-2.071043403546681,0.7993622093589984,-2.9516316661378914,0
6.151724704195358,-2.4802631751581683,4.8822442348713375,4.008815031083862,-1.2229833991581576,1.2641763984226162,-2.9013782219114175,-1.291278603088751,0.5929662940288627,-2.399554668898485,0
5.204250385082661,-1.786820922166118,3.979281465448394,3.2112568083906616,-0.8334419721184276,1.0156326282004158,-2.5120424270468775,-1.2639258199890113,0.47137002303579184,-1.7039504691656913,0
7.0658223839082215,-1.8794344798031033,5.137673300592995,4.0438241658777,-0.7785185212045065,1.2844469708687527,-3.511559902347236,-2.0170441952224034,0.5868616870102914,-1.7413130167340358,0
4.812879019265067,-1.3914130199870665,3.5534591728906437,2.818785318220243,-0.6021438163174666,0.8941296578044775,-2.3713486380439277,-1.3126428547456748,0.4105516686284434,-1.3025437691122683,0
6.2962361223360155,-2.9792542072717696,5.210634807770173,4.357894997299688,-1.5364101371752426,1.370061836031789,-2.8881255908970394,-1.0788785117236293,0.6497304831230456,-2.9173000946264818,0
1.9129182637962694,-1.7110011712850954,1.973832529637397,1.7900991208712518,-0.9873456990079593,0.5555578856211253,-0.7286152938174585,0.11604213929899548,0.2757217331794782,-1.7299363917926562,0
4.401809662123101,-1.3922267090686082,3.307975711314504,2.647238094161179,-0.6280081898919684,0.838446491884584,-2.146708886232515,-1.1346288798876865,0.38711570010145385,-1.3165542487778747,0
8.302481418147275,-2.5691538203811435,6.211804528846175,4.9602426019909895,-1.1478293949190905,1.5716188744664277,-4.059510301056146,-2.171363849760479,0.7246388156725379,-2.423762827935186,0
5.475605515985711,-1.650521640909767,4.075501293358453,3.245976280592127,-0.7286697407041869,1.0289210025780093,-2.68540914700243,-1.4562085197003496,0.4736457073055601,-1.5525785597656214,0
8.084164708868443,-3.1306945953761263,6.353501514949322,5.19366955716989,-1.5240266700584593,1.6390446874491076,-3.8365593095292896,-1.7677864698083678,0.7667268490130856,-3.0186032008686845,0
3.665816241847759,-1.7336241500531855,3.0332845990429,2.5367090371306795,-0.893909028399623,0.7975148647132151,-1.6817131200622701,-0.6286812022773176,0.378194285526586,-1.6975076822514452,0
5.49250727811223,-1.506700102586117,4.015874363494409,3.169865371448035,-0.6347231131665945,1.0063538596329196,-2.7212055979957737,-1.5427202946602698,0.4606343960695142,-1.401477196120506,0
9.06728952868595,-4.014863097033833,7.370268237300102,6.116458743240612,-2.034574508794092,1.9254006924644391,-4.21013394102159,-1.7054948438576,0.9088993807008185,-3.912728963164774,0
10.097423453218141,-3.688765097716809,7.828315688233121,6.358924008978497,-1.7604255579412793,2.0089218506075968,-4.832936978281083,-2.330073383734698,0.9361339497931291,-3.538376152493124,0
2.4644298321401066,-1.4209838197087088,2.163090548726531,1.8531463953291056,-0.7660066523778692,0.5803186790364263,-1.0833727612023425,-0.28191861827674825,0.279083626018028,-1.40867588618721,0
7.363398331130102,-3.1796994514967443,5.946142207041695,4.920398060728325,-1.6001112750300277,1.5496350132018573,-3.433888939147054,-1.4294538612068872,0.7302585422490266,-3.0929765080184324,0
9.302084718508892,-2.9974813877248043,7.017398300383643,5.626277556558074,-1.3629006913806379,1.7814114656715025,-4.526285363333395,-2.367248367177434,0.8234503228263019,-2.840161650709449,0
4.128367936894513,-1.75902814832082,3.322274334609583,2.7449636021169384,-0.8818071385560542,0.864721659715409,-1.9296250968413124,-0.8144939229288504,0.4071234049553695,-1.709295333194625,0
0.7314370214506427,-1.5069277231584635,1.1681868173944339,1.177659138837279,-0.9283475874380447,0.359832806595414,-0.12109126631838407,0.5140005619019785,0.18830147219313456,-1.5541212197003955,0
7.007354381330391,-2.450626102133334,5.379662103133884,4.3497239665421334,-1.1510967356864035,1.3752488171296624,-3.3741213583542367,-1.677199900633613,0.6390317754262993,-2.3411395419997456,0
4.428149766932249,-2.513972043627634,3.8676458628013934,3.307057049153566,-1.3510014008033153,1.0359396173974362,-1.9538886043390977,-0.5281964431816646,0.49764610668433157,-2.4900160109085197,0
8.749503307368187,-2.5375016662747316,6.463839682423327,5.1289982843518445,-1.0998280630240604,1.6268534025470422,-4.309480496028213,-2.381892441822352,0.7471342103830456,-2.376318071126412,0
2.8940456758378454,-2.130460419813253,2.764074994025985,2.4432733058954996,-1.197827177192797,0.76130835764254,-1.186938597424212,-0.07674581790232637,0.3726144134011934,-2.137642797186369,0
-0.5399131389638381,-0.9109062517350122,0.11873784133806886,0.30091680369154883,-0.6217013755564847,0.08414734593768874,0.46311187873463466,0.7349102817333784,0.05764644843485889,-0.9708700007456589,0
3.408295915167194,-2.0397514749638384,3.027686651195379,2.6060043067007053,-1.1075327447047876,0.8154634487859601,-1.4845316912470692,-0.34884042450592767,0.39321578514256716,-2.026222097961611,0
2.152289157013266,-1.626850045797256,2.0762069731253443,1.8415958516014022,-0.9182312941205072,0.5735176040410513,-0.8748824473541214,-0.033703605874350506,0.2812361075904013,-1.6341798916465642,0
3.845201843653254,-1.5793465485988039,3.065776175298701,2.5225442208474154,-0.7831923929100338,0.7952057286832284,-1.8081751720134018,-0.7911383804140811,0.37346155886623744,-1.5302590945191838,0
3.526788098153531,-3.6472218737076303,3.877996595461801,3.585319925679234,-2.1386107261812968,1.109438248199591,-1.2523152164017577,0.485302944197213,0.5562258528769222,-3.7052178035142473,0
8.069826241376623,-3.2346596819787923,6.395335952080651,5.247800885913424,-1.592069114348051,1.6550699453583981,-3.8095248468840515,-1.7043332011181433,0.7760111011762847,-3.127898577847324,0
4.80301106510296,-2.5724587362398266,4.120225484751643,3.497750727330137,-1.365675357162598,1.096956931360104,-2.1478009806390506,-0.6579097921237935,0.5247742759166395,-2.5392434933191894,0
6.5932519547201345,-3.0477065222892237,5.42148391609642,4.521777057883805,-1.562320090732119,1.422230377296322,-3.037684895927745,-1.1694770274016126,0.6733741043443988,-2.9794520373993443,0
4.645456315805949,-2.4204307575312773,3.952269559388951,3.343889546087496,-1.2771812783445025,1.0492796882004303,-2.089840697116858,-0.6735829645678011,0.500985659663435,-2.3851356699910253,0
8.364024311476745,-3.799469923778251,6.845175058556352,5.697587972874682,-1.9387864192840545,1.7926612181509145,-3.8658598300136324,-1.520341405817622,0.8477350925870467,-3.709755593450006,0
-0.28177339234119136,-1.2062263157928104,0.4163377843530911,0.5797466817276338,-0.7965580608658045,0.1702550816876071,0.37668944943594185,0.786053959554518,0.10111569909920837,-1.27176408023491,0
2.3670981880039497,-0.8879981739079704,1.8464367948840996,1.5041476297649399,-0.4277121110811731,0.47496367631724956,-1.128670147201995,-0.5334213291588527,0.22171436334599676,-0.8538327595334916,0
0.9036047975299146,-2.6342102919408057,1.8177675895126448,1.9017043996454337,-1.645928727540537,0.5780867677401298,-0.006886244223878624,1.0604908445276366,0.3077120598741015,-2.7287116016762267,0
4.139523008398271,-2.2406264728748573,3.562465399626009,3.0281790820537395,-1.1922188897439823,0.9494904305646464,-1.8467578339809676,-0.5540682982210166,0.45456858373198655,-2.213101957970588,0
1.0008876566209386,-2.740009562621421,1.927256837382001,2.003606125386477,-1.7082755472756184,0.6095874427161518,-0.040470598797502255,1.0767382726834702,0.3235598299807314,-2.836354014181675,0
0.8082327665226106,-1.551916364459079,1.2359358258094606,1.2358160060851322,-0.9526752492910736,0.3780389684579984,-0.15472011307029931,0.5056056726078171,0.19706703517942362,-1.598759518171751,0
10.009654366313288,-3.719054919436974,7.7905042908778555,6.339714847810762,-1.7854021352598013,2.0022388794941386,-4.779410294045949,-2.2754782182390283,0.9340570558812906,-3.5728947696782334,0
2.1861373831300126,-1.03958198531328,1.8116968504482494,1.5160952419356843,-0.5367857289798454,0.4765932219865086,-1.0018454472469358,-0.37176735180565224,0.22609516882584774,-1.018311762693648,0
5.152957049833919,-3.1519051185464475,4.610506594593627,3.979331596255128,-1.7184108482578317,1.2446490030406532,-2.2318769696961356,-0.4899379350750813,0.6011098058185582,-3.134637892473003,0
6.524008170226396,-4.560065984481417,6.113383363946159,5.367521488289993,-2.5435312502098366,1.674268527638031,-2.720512327595472,-0.3066222074640572,0.8164008801299085,-4.564889946242097,0
1.2791208786734076,-2.9118412619176626,2.1769981556623432,2.2194210403457135,-1.8021235391150379,0.6770764703489053,-0.1606766353061091,1.0511901406842332,0.35617655298310513,-3.007330449046002,0
6.005178488565542,-4.022667683183882,5.542474148186349,4.839588648192616,-2.2283678416175077,1.5109106506228516,-2.5364401381289734,-0.3784846144638262,0.7344911265676761,-4.0189199038395,0
2.6365108047465973,-2.4869015609613028,2.7828646506316925,2.54166306124596,-1.4439531408796558,0.7879527152683965,-0.9804554324675614,0.23081198427638694,0.3925251347579665,-2.5190289583562264,0
-0.711800133716249,-1.5791370151450257,0.33993854787758204,0.6154804340927051,-1.0639554917068397,0.17632187980853165,0.6804145017018992,1.1771922224612015,0.11275978868027908,-1.675913089259692,0
0.20952031669194326,-3.098857551166663,1.6279057071355236,1.8799981313466971,-1.9888622701438399,0.5641526310445222,0.45798887208214056,1.6162163407225165,0.31316681075945124,-3.237348208297041,0
3.898118726867688,-2.906168572829644,3.740781183834477,3.3120971376548827,-1.6370213222903731,1.0317596245790688,-1.5919877046512962,-0.08323842113066598,0.5054439023765908,-2.9175557101664715,0
3.18002746747187,-2.6867189872920036,3.204853036322544,2.88467604493101,-1.539526794275629,0.8963055198145327,-1.2403662170189311,0.10608518333689954,0.4430372496183259,-2.710810457872656,0
2.1978301190624085,-3.26575459842122,2.8981235806989987,2.808564917532078,-1.9741116712025777,0.8630195411998153,-0.5970201090957574,0.8492644419899246,0.4431281501507386,-3.348417832488331,0
-0.21490551646827605,-2.6891740875741137,1.175390162482147,1.4654378087341042,-1.7503800041856914,0.4356929988608639,0.6140971333713043,1.5739151574973227,0.24907013215627977,-2.8220551630534563,0
0.05452538893721326,-0.9144453998932107,0.47601279183673806,0.5517150773856723,-0.5873457450942168,0.16548479210640388,0.1391362679590329,0.4800853821793587,0.09199503113290153,-0.9555465148066488,0
0.3330672896650899,-2.7200456481386515,1.5181250120225722,1.7126003942821901,-1.7365445620295787,0.5154452848505688,0.3205457072152118,1.3542151736047803,0.2834171290079534,-2.836832160628976,0
-2.3002299241753104,-1.9150641582578176,-0.44728334071384435,0.14507327855715468,-1.3788677522887494,0.01868247903660447,1.6099245930891977,2.04834614547973,0.05454344148542517,-2.0784270956878927,0
-2.940635706704649,-1.4846815195043874,-1.039022321259572,-0.3718389567188094,-1.1403276185597169,-0.14268581670145875,1.8801583757428617,2.0879395854299045,-0.023920055444069444,-1.648378705546151,0
-1.444623595206778,-2.1879793000011007,0.1968229269785322,0.6609629968804298,-1.5024229938353408,0.18205392414173094,1.1930806009907395,1.829068016130829,0.13001296141757568,-2.3367410738085583,0
-2.145588084420818,-2.158248613993594,-0.2368695422168834,0.35043871585886155,-1.5264259799564297,0.08172236366261632,1.570393188813775,2.115482748537114,0.08702502170048598,-2.3280557951083702,0
-0.042564525497862604,-3.124389811671318,1.4895032325250455,1.7892770097278379,-2.0208941909103073,0.5343328971329673,0.6003713785084148,1.7391691982130668,0.30122790983792996,-3.2721462290068843,0
-0.2040707507401267,-2.469904079585679,1.0755506397209693,1.3431500918030017,-1.6080697024124442,0.39925917291685686,0.5676773560324997,1.4484702311318802,0.22837884324680252,-2.592164386523202,0
2.198936399376252,-2.210277634105323,2.387002668347769,2.198559682908435,-1.2922341928025285,0.6807094877236086,-0.7925882975800469,0.26747408573171294,0.3406084965876356,-2.2434508768265493,0
-2.773432360357232,-1.0945035291830254,-1.128201509338799,-0.5275419932179917,-0.8779767032292696,-0.187429417996828,1.7167744860781924,1.800820613767784,-0.05227707470000664,-1.2345665342754106,0
-3.7870917143648337,-1.0039056932631036,-1.7784434645977631,-1.0041223320837012,-0.8819360174888144,-0.34074750820953104,2.2536099745180627,2.188784179611532,-0.11906833784573378,-1.1721717808946825,0
-2.548417039229573,-0.6215878346366019,-1.2229189946456436,-0.7069067263911524,-0.5586158994930922,-0.23862493314474026,1.5065358265763238,1.4431606772444026,-0.0853683501372701,-0.7322893591462791,0
1.7038706566711008,-2.995442613449777,2.471595858019209,2.4455171157076543,-1.8299457000799622,0.7492102845940627,-0.37719456090804915,0.9137590282428454,0.3885994926121286,-3.0812523717202556,0
-8.760208413428462,-0.2585353205224059,-5.114492617812204,-3.5163023897933434,-0.7069953242291758,-1.1449562972251024,4.8318009061347365,3.9264566435443875,-0.47599675880582415,-0.551070451572768,0
-2.205063847731089,-2.0505154521610294,-0.32468247422651686,0.26323938306467554,-1.4604994497457822,0.055021636627522685,1.582973455238362,2.081839032607933,0.07315203385052949,-2.217178642667269,0
-1.958762196695413,-2.8446632839796337,0.2077096066771036,0.8256281100249279,-1.958314959181704,0.2257540906404787,1.5951576704765724,2.412829736295288,0.1644256967771579,-3.040652109062462,0
-0.4150665543094574,-2.3134580158248412,0.8734871012838483,1.164370399811725,-1.5200158248010898,0.3435608010298865,0.6540062876256245,1.4534482006018827,0.20110375525681362,-2.4351421595946317,0
1.8530516476151464,-1.6815018301466977,1.9237200459705268,1.7479852115962444,-0.9719801724112456,0.5423283596701098,-0.7013704989123463,0.12565516684625344,0.26943001567078206,-1.700971232446573,0
-0.41359584921462833,-1.8466562968926876,0.6480226679467029,0.8949964369951084,-1.218384010334153,0.26306451837335443,0.566977128314555,1.195718086314975,0.15581892675217174,-1.9464212768790712,0
-3.169807699424528,-1.1561123946282574,-1.3354173205833937,-0.6577775003007038,-0.9422073450587499,-0.2306074531867469,1.9446195483874034,2.005970785287651,-0.06896372964926689,-1.3117503926255818,0
-6.099612713739784,-1.6119239937492997,-2.866842673214628,-1.6201633549159875,-1.4172454856550922,-0.5496831744720945,3.628813889059674,3.5225734950383956,-0.19226119057410596,-1.882704578306883,0
-1.4531826054761128,-1.83463406747354,0.020372394553152873,0.45301307017498305,-1.274699212583311,0.11980881247388886,1.1324860662778513,1.6381574240343544,0.09518134477564372,-1.9671137625910018,0
-5.4575944260817915,0.28702041838817305,-3.4035898069025734,-2.44981562819978,-0.15100457904134962,-0.7907666326881968,2.9274343020417577,2.199387777272405,-0.3400952445935484,0.1257667719770812,0
-7.097614810766748,-0.20901516659547137,-4.144036386981647,-2.8492078711011604,-0.5725226184654102,-0.9277341685724678,3.9146932534048506,3.1810078333207716,-0.3857016991659494,-0.4460090454530995,0
-4.393071811821036,0.23822407720589583,-2.7431932056805364,-1.9761280354925372,-0.11690737559441883,-0.637767460107556,2.3551004067488504,1.7664307674506015,-0.2744571018647382,0.10876030489812227,0
-4.498201150085363,-1.1026283028387933,-2.1559192626902695,-1.2445969226308016,-0.989541668851204,-0.42025104806809666,2.6601902743935444,2.5503278236560214,-0.15015210148575187,-1.2982832499242,0
-0.9796856320587786,-1.7717004325189243,0.27307556610452766,0.6147550052570572,-1.2048589462217751,0.1732310670980115,0.8622793332425309,1.3989641057387636,0.11615095501704253,-1.886074336051254,0
-6.481624665639146,-0.11483527208082756,-3.821252783765408,-2.645909885355644,-0.4737146912405286,-0.8603626703551976,3.5608977479342667,2.863053926768418,-0.35961768368975444,-0.32769798726859056,0
-5.643390508557912,-0.15115768720041445,-3.3022572920654647,-2.2741306171759845,-0.4455083336403404,-0.7402501732817652,3.1098383017466933,2.520974533475557,-0.3081366324158562,-0.33888973792700827,0
-8.157916252519223,-0.35482495653545,-4.707546960313854,-3.208572500349954,-0.7320698689258254,-1.046518540514884,4.520668888676926,3.7193223651508576,-0.43218439292962846,-0.6325918944423453,0
-8.163472095597022,-0.8858348883217992,-4.453392563136593,-2.9037711901670047,-1.0754302471506105,-0.9554773528014673,4.621789304239448,4.01418029197907,-0.38089278799372805,-1.188660246906387,0
-2.8481056544915413,-0.24837235839664312,-1.5831412225599495,-1.0481765745603964,-0.33600202229249215,-0.3438408456841859,1.6012599754251484,1.3670629508556866,-0.1387851252064453,-0.3511800759248528,0
-4.221591338637083,-1.4966378671252707,-1.7994187498875491,-0.9009578173510469,-1.227010560919013,-0.31457459760549633,2.5819107231743894,2.6478471999225897,-0.09603454009001228,-1.7018997035437757,0
-9.84460534665626,0.6655637980102721,-6.211196152851693,-4.504565462298889,-0.1768959186410084,-1.4519680106119048,5.253305496221817,3.8859184853017266,-0.6278434191473363,0.3816150815593623,0
-10.023755131213008,0.6143523085793603,-6.293521661770102,-4.5499134801634575,-0.22102012523131287,-1.4674438875864122,5.3606007517780165,3.991509303695619,-0.6331143085966768,0.3222693372739869,0
-10.689942962542116,1.441800902562932,-7.093212430503383,-5.307270118603916,0.2724245358562357,-1.7009542098865065,5.571569748559282,3.8235522861103215,-0.7516439228516464,1.1671629808049342,0
-6.714323999285988,0.29979764133601705,-4.161488485943723,-2.9831021838813747,-0.22021699042645018,-0.9636411708847799,3.6113878359274447,2.735208470884946,-0.41322776985550985,0.09891373668395997,0
-11.258096820787062,0.5390566409793538,-6.9953241689679135,-5.022891790195119,-0.3457452050181764,-1.6220529586325823,6.04859653700828,4.566166168025649,-0.6964062456080249,0.20393339341429106,0
-6.115130384416055,-0.05511132174329958,-3.6309961367921355,-2.5270883342127286,-0.41254355328621684,-0.8209166818877223,3.349719231505685,2.671849331754262,-0.34445716532327086,-0.25344387909598953,0
-8.094155226506897,0.5547385586515479,-5.110440491951641,-3.7079653461161026,-0.14058638748756475,-1.1950959307048767,4.317836886867939,3.1908306316529225,-0.516938423215491,0.3216304385123591,0
-7.055613357727271,-0.17016423585714135,-4.137751685782319,-2.854102415983869,-0.5448369642478114,-0.9287464688096474,3.8845793938505366,3.1414673892785445,-0.38707498710509425,-0.4039932460693031,0
-10.135490494724813,1.4992865300834777,-6.789444701407468,-5.108500174243368,0.34373572107241135,-1.6355962820925547,5.258158675916715,3.5523899057207733,-0.7255137894932481,1.2450905837937587,0
-12.578669361042722,2.6664559138915997,-8.816753892478808,-6.805952267513451,0.9470951135484189,-2.169152150487853,6.376809773911005,3.9649192970587532,-0.9787132656668601,2.3887397700586606,0
-11.39888784887811,0.5946029815610349,-7.106470715341424,-5.113934774290444,-0.3185422951904595,-1.6507748841642358,6.115223722817971,4.596389769567317,-0.7098587462928841,0.25757553307262593,0
-11.613975190266727,2.1959454331886645,-8.011586981817505,-6.13012772741644,0.7026229714828265,-1.956808111213389,5.936890848407598,3.8073467347198386,-0.877798918192948,1.927064075637949,0
-10.564666004654585,2.058100954777148,-7.317112266992128,-5.611302631025712,0.6782597389068431,-1.7904811945746526,5.389313834523088,3.4300053117860325,-0.8043763693944112,1.8163501092979617,0
-10.009862909323308,2.4930642098416547,-7.196167221593611,-5.630711974917203,0.9934327728773913,-1.7903302032112858,5.005984924861692,2.9507926134474705,-0.814913633896053,2.2894533513462405,0
-9.334362582165342,1.1291215147256737,-6.130769492611398,-4.559160216235247,0.1540016102143967,-1.4628115024458699,4.8890295986423675,3.410205469676999,-0.6437088652544627,0.8832261718257943,0
-14.757518728160774,2.8408818357949164,-10.204592177432753,-7.818607617912425,0.9254629004081031,-2.4951961325719716,7.53448377765984,4.81003022094698,-1.1203060811203571,2.5015917090826267,0
-10.467287243241499,2.6738304180184254,-7.557422528460609,-5.926679524413892,1.0820066825465164,-1.8836981580109686,5.222398826436186,3.0488235199136047,-0.8586492645251484,2.464046869762714,0
-12.871989808749646,2.71755955625095,-9.016980561633268,-6.958253793157295,0.9620260859324155,-2.2178197882342285,6.527555575670934,4.063476473565554,-1.0004593578453056,2.4328484570165685,0
-13.94391982257074,2.461418454336286,-9.533948921342335,-7.2586709932826015,0.7304910243384508,-2.319110365159384,7.160261717229545,4.667579955803332,-1.0368840407337099,2.130392460909151,0
-12.681760162554896,2.232063926477559,-8.66778766726773,-6.597847869896575,0.6601351294013205,-2.1080586974653164,6.513348160930327,4.248695382578686,-0.9423915091274816,1.9306942410568086,0
-12.706635924264258,2.3390517318574426,-8.73454346129755,-6.670137237331861,0.7277129606265119,-2.129931843209667,6.507170669549708,4.200516335010633,-0.9542127762638384,2.0418986874638665,0
-9.730427256503534,2.212199106442875,-6.892838256263009,-5.3513310000291145,0.8292262996046414,-1.703829280662631,4.905262499307435,2.9847761089378704,-0.7716310528881605,2.0043732218159382,0
-8.093880689980098,1.0193524910972422,-5.335559584371416,-3.976574487899073,0.15955844357011117,-1.2753764522077773,4.2318650885475,2.934822156367924,-0.562079044731834,0.8080227352498073,0
-13.581877071973855,1.2777435110127673,-8.743452186786547,-6.422553539343275,-0.011813953722751291,-2.0653225518852145,7.181190552596561,5.163110258488848,-0.9011308986514748,0.9028454813440319,0
-12.01242932087514,2.4585810230575023,-8.37726676567698,-6.448770074763969,0.8477172513608544,-2.056320583809511,6.105977852459444,3.834814602724796,-0.9261181558233802,2.1892506657975304,0
-16.362657991259866,3.4341167608424064,-11.452343414832226,-8.83341708648121,1.2097339639266436,-2.815728938170354,8.301487505794146,5.176658445869887,-1.2697845444312719,3.071240956371243,0
-12.131261747885588,2.6841682851412747,-8.557728860127698,-6.628972663270998,0.9861155029499955,-2.111455470458168,6.1292038391437345,3.7619015357039505,-0.9548409833363798,2.421603940111657,0
-14.645639548887594,3.959978881458888,-10.680303407040928,-8.419055017480378,1.6552653728085056,-2.6734610646550347,7.26666962307892,4.145351044781018,-1.2226723209281958,3.6767056081189877,0
-15.501083579659925,3.6493669535095985,-11.04137035803916,-8.597375655472483,1.4018880719861135,-2.735936153089826,7.791212074756192,4.685941327395121,-1.2414189350846359,3.324156437521077,0
-13.483020097859571,3.0107984598870217,-9.524650176255944,-7.383552057127851,1.1137858498576858,-2.3514908128385605,6.807079795784148,4.165913876127267,-1.0639132952098147,2.7202675491397965,0
-15.99992226397172,3.9968696545329374,-11.508245000663788,-9.007110906668029,1.595616376599794,-2.8637519732673073,7.999443818330571,4.710030133976331,-1.3037289549454423,3.671973212483396,0
-10.655573871483984,2.4103167336502684,-7.54227148817912,-5.853059358605284,0.9001778527934893,-1.8637141544541977,5.373899535412066,3.275288249517708,-0.8438089453612903,2.1821589921016424,0
-14.961539967127301,4.786733501829843,-11.270135931431216,-9.029427500959695,2.1698538348367813,-2.8592818695520372,7.286471039456604,3.826465824093165,-1.321096441166663,4.532085747243963,0
-14.377898524825564,3.788804884693727,-10.437156825728358,-8.208011115569219,1.5611954885869932,-2.6075105900972337,7.152072001563574,4.123972895529496,-1.1907197225682233,3.506081828759973,0
-13.780721715535021,4.338681366316913,-10.346585713046743,-8.276152238479327,1.9532112886132633,-2.621470233395242,6.724375973662189,3.5631670255772443,-1.2100015560642627,4.100838996049508,0
-15.216424638750576,5.028998715499559,-11.540063491730038,-9.276209311265182,2.3106391824010153,-2.935775970048825,7.380915944452991,3.803136470175861,-1.35922302882177,4.777543278615786,0
-13.220894589270083,3.0489194191619413,-9.386345997009188,-7.295910343547748,1.154568643502409,-2.3224837497184736,6.656888631467415,4.0316905170133746,-1.0526235312685812,2.7685655244604654,0
-14.612542404126913,3.266391007199598,-10.324197771636761,-8.004046765127235,1.2092666962532277,-2.5490658972386986,7.376712053814568,4.513053516443436,-1.1533684633283514,2.9516790057040625,0
-13.714174445295019,4.779536922399911,-10.52054424645808,-8.503287206422138,2.242093979393731,-2.68864370918569,6.606600478866655,3.2916164485453994,-1.2490419713013585,4.564481157278855,0
-8.113062335370337,2.5002719376049893,-6.0651053068612875,-4.841137484853569,1.1150095741688957,-1.5339878719984679,3.9687901003266917,2.127479494974903,-0.7071084716720435,2.3577169303078156,0
-15.910334158950185,4.499665173131433,-11.698455456660351,-9.2604290261227,1.9259308527062249,-2.9385040299728145,7.8576441382688476,4.394412884587263,-1.3474713401690266,4.201195101109713,0
-14.31605642888102,4.489593519052086,-10.739966802045203,-8.587455471201089,2.0176978152968728,-2.7202576631224056,6.988852118784396,3.7112945210273542,-1.2552924699305525,4.241685666731478,0
-16.48021421193632,4.028314830058037,-11.810775196352008,-9.226283238148385,1.5863233941655774,-2.9344122591531585,8.255928035043832,4.900178720331885,-1.3342600466692787,3.689517221270171,0
-13.079014050876749,4.261735969834901,-9.889555118116341,-7.938008857898128,1.9467606716743613,-2.5128757422526395,6.355378866874609,3.302435154740177,-1.1623822549688219,4.042750542085571,0
-8.726903695971842,2.0456640329635265,-6.211838288330347,-4.835071448109112,0.7835074517087377,-1.5387603770465554,4.387989140620556,2.643013856689443,-0.698039182058326,1.8621587218362499,0
-15.461963786654131,5.085907293826786,-11.714524853896828,-9.41187353581878,2.3322652750159647,-2.9789583356185787,7.504495590743019,3.8778568849454946,-1.3787999995414104,4.829258411279726,0
-14.313689334960362,4.680682013845822,-10.831206467193098,-8.69698694523848,2.141281673088927,-2.752969673666132,6.952262220359858,3.605028493189961,-1.2737291570045337,4.441803422712858,0
-13.061154743392823,3.9592265998034515,-9.732191119073036,-7.755569602830807,1.7524487491114444,-2.4581556312652237,6.4015041842035485,3.4613301204517595,-1.1319594106709243,3.7266387276778286,0
-18.437559372096416,6.149617934000515,-14.010129685546787,-11.272284407346394,2.835974412131427,-3.566932272518699,8.933015793421589,4.577350144120494,-1.652400886773239,5.8475581814148585,0
-13.413548025381676,4.873833887026045,-10.386449819063941,-8.432025389174614,2.32153817506387,-2.664119310464049,6.425006911353316,3.1098228168626125,-1.2410095849121698,4.672819721143996,0
-13.257204175511522,4.278846471240759,-10.004434771960126,-8.022471456479083,1.9468297592471187,-2.5400321175819993,6.449529840993618,3.3699825479070955,-1.1742385350167759,4.054958748299505,0
-13.022222148523735,3.845245101041611,-9.653636215713165,-7.673352930989237,1.681219661166727,-2.433164547054048,6.401296936738255,3.5072890010579165,-1.1186543036734529,3.6085628677070725,0
-12.586186748677555,4.825564674207449,-9.8681650612416,-8.057886228384467,2.3413570117875375,-2.54341812392067,5.982092034431952,2.7790198767555023,-1.1889893901662865,4.648773353498098,0
-5.574140409708786,3.4496120060670914,-5.006787162836256,-4.327769898268703,1.884759174482058,-1.3533109134119865,2.406898405014648,0.5079081368368454,-0.6541378765918391,3.432811471609332,0
-11.956010663190602,4.4779817574343825,-9.322693057085788,-7.593144569577074,2.155672667175359,-2.397752622986963,5.702150323781105,2.698242646952278,-1.119158472566359,4.305076821474846,0
-13.423188887081828,4.940700747139306,-10.424639017408609,-8.474734289196778,2.364138067095459,-2.676987826948668,6.417920476839726,3.0771598259680086,-1.2480599482321009,4.742511029153318,0
-15.697011835265641,6.309018066714519,-12.448182430054977,-10.21765718963719,3.1078728102776663,-3.222317351324882,7.406929117031945,3.3057502526459173,-1.5111212730020653,6.1021541977462554,0
-12.298209786508288,5.9927196279803585,-10.261847196141186,-8.61243879122724,3.113058434761302,-2.7060764858222455,5.609231874201738,2.011805087585303,-1.2859528290621345,5.879833956772121,0
-8.917995887055366,4.029528995659326,-7.288080624512087,-6.0624671675043,2.053250897628715,-1.9076616882089468,4.125894024597226,1.632928487565771,-0.9017844943516673,3.932861046421737,0
-5.862781244182481,3.9964739268121656,-5.444599418980846,-4.764850506715632,2.2202249082359846,-1.4870447793563704,2.4635138727736017,0.33140101703822444,-0.7237995520788545,3.9960570857243156,0
-13.630699810887482,5.131757115474974,-10.64140004293605,-8.672073637543239,2.4747640676974374,-2.7381960298607524,6.495953182484305,3.061570558592303,-1.2784994977342292,4.935876787048311,0
-11.970434684877748,3.9462346772569488,-9.07348566283113,-7.291627922589605,1.811289467259423,-2.3077883162487236,5.80824991169197,2.997337269336134,-1.0683025238619697,3.7479529037662416,0
-13.129791392074974,5.035839518094605,-10.295276693804066,-8.40698440394364,2.4436804480336787,-2.6535906499985398,6.240119208357447,2.8980251744767846,-1.240522905549454,4.851499438571151,0
-11.385700494888596,4.435086880509179,-8.960767385178753,-7.329680533888787,2.1631182741843995,-2.3128884195568853,5.398621126239745,2.4755157381439985,-1.08236511718068,4.278428189873982,0
-8.28764955269607,4.814537107084485,-7.291680695978693,-6.2527237741039565,2.5991999121577187,-1.9577640623486683,3.636651060533084,0.9282940351076903,-0.9420215741569095,4.774828765272417,0
-10.011930662551336,4.033777007544736,-7.944469167352135,-6.522696777301514,1.9885636934782518,-2.0569540068460057,4.722519033830606,2.1031257498638194,-0.9647754476577326,3.9022903563282436,0
-12.86920896199537,4.915664622231871,-10.081140557793471,-8.228433045934867,2.3821133264827226,-2.597428536976231,6.1200105962474165,2.851651088999399,-1.2139364688841239,4.734035180479118,0
-10.94938831076977,4.514721881060339,-8.738404217069695,-7.1931588633498595,2.24145505649774,-2.267403079302624,5.145636393146621,2.2431863770608644,-1.065145870996652,4.37576121234284,0
-12.150745177703104,6.041348583843831,-10.197221707688977,-8.578856198726891,3.1535612872606986,-2.694457060164287,5.519717274608758,1.921323372843537,-1.2822434777250322,5.935461894087557,0
-8.44052627045505,4.7838568657128056,-7.368246419119047,-6.298952342345482,2.569957830752771,-1.9732212544509045,3.725805847566829,1.0112281686319418,-0.9477849777453317,4.737817286939703,0
-11.099756059913426,5.680599212115912,-9.393659405483152,-7.930404081411887,2.98531113558277,-2.4893684404703698,5.012397048712972,1.6660229604794088,-1.1870604635187585,5.591452558306258,0
-12.239293833610656,5.90986502533419,-10.18643229589782,-8.53986301332185,3.063168266858901,-2.6837525380482323,5.592361845343636,2.031988551674304,-1.27452983877702,5.7949831332586035,0
-9.679020789955201,5.801339780115479,-8.602402448224591,-7.405711196188542,3.150881878257701,-2.317302904068568,4.2142152764693925,0.9858222378695835,-1.1175227977553799,5.76332934257556,0
-11.354772527754278,5.307728624572797,-9.36539702918662,-7.821457979129361,2.728727435390368,-2.4595419217808177,5.2205396764854894,1.9815415619608776,-1.1654088824388693,5.192947761975423,0
-11.198259218218354,6.626826215107753,-9.911387517838108,-8.518904170788028,3.5904760915819582,-2.666319564159413,4.89140693198311,1.1874302733560183,-1.2846601127646966,6.57886204517846,0
-14.674480802108626,8.092287323022072,-12.701239869456048,-10.821174116270898,4.322845936759178,-3.391729851817203,6.519114490997354,1.8819069917909366,-1.6259456610331227,8.001710933270113,0
-10.734833079005593,6.1465498384577595,-9.401314947808315,-8.04719398965241,3.3087967525719377,-2.520360236686212,4.727039856650828,1.2517644736254976,-1.2114714369407953,6.090916873779214,0
-6.965659496038036,5.309527139086802,-6.740954563945949,-5.985811138258962,3.00043882503356,-1.8638047719390038,2.8232650636436496,0.08462644577218603,-0.9145062939928805,5.335329630230777,0
-7.039565636539111,4.607338834994488,-6.44468192822583,-5.610605611619422,2.542288709365178,-1.7524540531690658,2.993331794588566,0.5032868934861485,-0.8504876298865118,4.597874360832814,0
-7.684433067253983,5.342970360782913,-7.1870995446119,-6.305935145474049,2.9777362647826866,-1.967196618158195,3.209617618290743,0.37668929354956937,-0.9588738201732877,5.347331312977105,0
-6.126936271884215,5.461430800624016,-6.312934127530482,-5.722693662070817,3.150264232929439,-1.7761644980573972,2.337170065864144,-0.3613312414946852,-0.8812911600509048,5.521198981088918,0
-7.705748250195618,5.806768572211378,-7.424736834221455,-6.58310701607425,3.2760233490616377,-2.0502680419029553,3.1355868779048044,0.1304559946980064,-1.0051701918244236,5.832178563420918,0
-8.505560420952584,5.090744996923939,-7.555950877224177,-6.50366517832287,2.764190405892284,-2.035104735466218,3.704634395908419,0.8702992454425386,-0.9813320158382322,5.057002925075077,0
-6.36596994012981,4.571021657119907,-6.024166217398722,-5.307724689099226,2.5603499601499244,-1.6547006085859,2.6321822362844163,0.23232196916671433,-0.8084251623876793,4.5814178815530315,0
-7.741902190385143,5.690487200493841,-7.389979201136727,-6.5309811742212265,3.1986801920819805,-2.035076241504979,3.1768100290125005,0.21011598517831354,-0.9959368517599095,5.709291488339008,0
-2.5561200284749166,3.761660684273858,-3.3528882927109573,-3.245319272962869,2.272368084491459,-0.997403120353052,0.7010840794708293,-0.9676215561722114,-0.5118216198122658,3.8560905425255867,0
-5.685890152995752,4.411313665114412,-5.53994201366979,-4.930763462617905,2.49910380197034,-1.5347360465618272,2.290283967830885,0.026514662381307175,-0.7539992896441436,4.435996648578321,0
-3.617796410538599,4.547341076800638,-4.3688848437040715,-4.144015798918668,2.7144532932681003,-1.2774009059770859,1.1357489553010849,-0.9417388663779891,-0.6489154960649031,4.644599016681215,0
-3.329710316407848,3.0012495234983616,-3.4468951394748446,-3.129231562778531,1.7334783184124287,-0.971005562060888,1.2640106623984755,-0.21465830746486192,-0.4821693548831602,3.035286913574403,0
-5.164453525972579,4.958866991244284,-5.493547856061266,-5.029255477346476,2.8849502015687936,-1.5585797150814313,1.9043796030268898,-0.5002949247102044,-0.7773880188354356,5.025897303531573,0
-3.6290542265768666,4.044610319537037,-4.131853123545232,-3.857956707454424,2.3890090135910063,-1.1920226751502652,1.2347596495176614,-0.6599928954228973,-0.6006985534174011,4.117952340161459,0
-6.3362122209990694,5.866676460977873,-6.634607593088326,-6.044654698682885,3.3991418670507345,-1.8746392939242411,2.3766023693879474,-0.4941245745427476,-0.9326489640427793,5.938733412032867,0
-2.405107335084204,4.918751389400914,-3.823614580848699,-3.8513655177351658,3.029125654476681,-1.176921626558917,0.40488063016606324,-1.670130190226375,-0.6156418876996789,5.0722309969967645,0
-1.026763045111105,3.9304019483646875,-2.519934796712441,-2.702934786155649,2.4756415236042697,-0.8188844738368715,-0.16528371446228185,-1.7211793680241612,-0.4407355331691693,4.081694174376926,0
-2.7815376338922846,4.097495022626079,-3.6505604109127034,-3.533888803382075,2.475412911860472,-1.0860708428261596,0.7621529353623098,-1.055213479444477,-0.5573566397388481,4.200444662908753,0
1.6551928926945454,3.0799858082221734,-0.5033911183806712,-1.0887671784826125,2.0916145464794487,-0.3076594537926478,-1.4728431283946968,-2.411305497323977,-0.20466250117715168,3.2772832151977154,0
-1.9150994554127818,3.949429987315958,-3.0605128240793325,-3.085677313812108,2.433175115226107,-0.9428112526371429,0.31633167458212474,-1.3479327499633564,-0.4934018040657814,4.073177403564254,0
4.401975746222282,2.670869302787569,1.3379496834995352,0.29728870752892966,1.9966510783123563,0.13608169590056218,-2.897320561456458,-3.372483657922156,-0.007771457065599896,2.9369242333133814,0
-1.87614282423349,4.628807608235315,-3.3666297347168186,-3.4623146887150735,2.8744358277427144,-1.0549648841257238,0.1695647611884823,-1.7389332128120811,-0.5572027455812049,4.78563442852635,0
-2.2247645430517897,3.6376005137327967,-3.094535889765411,-3.0349047482589726,2.2126537080854987,-0.9309582740754543,0.5430432059837025,-1.0424269774244084,-0.4808090258991038,3.7368244676156137,0
0.4934866886506786,3.9404958663046443,-1.6155033633362468,-2.0726026945637717,2.5758717303723646,-0.6141772408243815,-0.9973731538288071,-2.383426894677244,-0.35475131727913933,4.1409254773433135,0
5.1869082697873745,2.1769630840384884,2.046937724847857,0.9114210757297192,1.7259852293329532,0.3280582577938025,-3.2347481154768545,-3.439520851573985,0.08513355690818725,2.445002272210213,0
-1.9107533227056637,4.434161361651202,-3.2929511237982627,-3.3642181908446536,2.7465662417107954,-1.0260165472369767,0.22442030932060453,-1.6167798390551051,-0.5402647473613684,4.580760083953934,0
1.5578303041317252,3.0592010898322735,-0.5515496568063387,-1.1174884518424495,2.07218665260585,-0.3172883837380678,-1.4158330781432027,-2.357801328271723,-0.20821199855102102,3.252407969003798,0
1.530076430890448,3.486227795180712,-0.775208329165892,-1.3760867317087238,2.346323460735104,-0.3948775014353525,-1.479555274866542,-2.5810011608216135,-0.2513028307033075,3.6985546695774456,0
7.906816382008955,1.448001704214752,4.027290883053708,2.471223146963738,1.422754121972363,0.8234413567001142,-4.585468326163307,-4.212933023636713,0.31157330889254875,1.7689517397857093,0
5.065154332781101,3.0426772455988544,1.5543416282489613,0.35975849029468776,2.2777078864218185,0.16186789764125864,-3.3281686766336045,-3.863727015318662,-0.0059710140898775466,3.3473821964402464,0
1.131311517745976,4.067858684358445,-1.2957493390584496,-1.8793600568415458,2.697460832891059,-0.5495768916679062,-1.3692222521776842,-2.72908829164889,-0.33064334169369336,4.294673197424892,0
4.837906065949864,2.9376583455527374,1.4693366663637466,0.3254041770696805,2.195860720814173,0.14916186175762092,-3.1846671985132975,-3.7077246731165046,-0.008763757309193765,3.2301682132480067,0
2.813219142908336,3.386780398987468,0.04051404395889513,-0.7816188103281858,2.3611774417906912,-0.20343334818509495,-2.1619238981393143,-3.08049699389154,-0.16823578573846332,3.6355220898962575,0
5.684313041000355,2.0245140589289212,2.4183765108001403,1.207740880443322,1.6581678830786808,0.42196042423271707,-3.478226420648836,-3.5704176557551914,0.12840407446256197,2.301332550350353,0
5.183112795309935,1.8742414399676144,2.191452009006648,1.0849213531825703,1.5302013597330884,0.3798743130857565,-3.176757675506478,-3.2711549582959782,0.11433827953960407,2.1279750504087263,0
8.725014423823678,0.5375445965555925,4.958154802044628,3.3402012049709127,0.8850582997753348,1.0919445716164367,-4.864118709193912,-4.064920839815,0.4468662905500522,0.8420261732107102,0
6.397640906793612,1.4047869411695455,3.14554316119312,1.8646817156482247,1.3018113831229232,0.625963624449744,-3.753308692517193,-3.5372275683502212,0.22944164181179716,1.6754022041143326,0
7.204724407855765,1.8849984263695565,3.3954477214910916,1.9246719809401158,1.6617643703980336,0.6525526081506554,-4.282768773374726,-4.150336329910891,0.22893824913447158,2.2039494922426153,0
4.596133106976074,3.4208198157145455,1.0904453258424605,-0.05522074762476148,2.493066689344483,0.03280461881078334,-3.141880261817825,-3.869393336623692,-0.06955326035109288,3.7282289586588346,0
9.689961829587794,0.47859591845692484,5.563913944181561,3.778092050920722,0.9064594490844582,1.2331763175473425,-5.380198194962651,-4.449273785822015,0.5077949913449724,0.8112041959461418,0
9.489068971925576,0.9622643873142078,5.20922888998453,3.4142807502112706,1.206512817873759,1.122283008128858,-5.359829977567322,-4.628880282308273,0.44929474177258377,1.3111043009232728,0
7.785491958355718,0.9993122655995927,4.1722833942091455,2.6799668037213933,1.125434435044014,0.8845302569825021,-4.436331384140846,-3.913406291922132,0.34824160326282005,1.2953551766265932,0
8.131462341479835,0.9759116438225457,4.390569503089564,2.838277537233898,1.131644255234727,0.9355588132628756,-4.620947094357223,-4.049963837129091,0.3703070268548995,1.2819329079945858,0
10.390475569460913,-0.28767653368233215,6.354473234763052,4.514429717845631,0.45464878999173586,1.4607726303544413,-5.621213188318046,-4.329837469131975,0.6223424301208988,0.03145191458008756,0
12.01412814603259,0.6530185594445681,6.8695217878406165,4.6497898585566215,1.162395795641019,1.5186491107007554,-6.681669460549426,-5.549287099945774,0.6237956366576267,1.0681979010036442,0
9.623415882396188,0.6324535978745027,5.449507050305031,3.661256538690609,1.001745343996081,1.1975419043491558,-5.3722767847613815,-4.5052669114287625,0.48903466524274747,0.9701407168669232,0
10.64233294074576,0.9995412686877514,5.880970031479955,3.875320285652826,1.301681083336783,1.2724539114941156,-5.99652563898273,-5.147575598903142,0.5116437480411041,1.3870447170386473,0
9.670453732469987,1.6965297214659516,4.961690172182426,3.0654984325870798,1.6920089152245834,1.0199828896224998,-5.594517110225169,-5.111633959759507,0.3883067465402805,2.085580054053179,0
13.983766455300835,-0.024320306294325356,8.37607590804057,5.86577331096481,0.8462639930581819,1.9032204743874912,-7.632194697345506,-6.027043680776462,0.8022992686872013,0.4221719179560617,0
8.422727664962949,1.5643695033615108,4.279454543707999,2.619808632861525,1.5297258619010958,0.8733863742495143,-4.8887081483822445,-4.499876957714621,0.32977588838338745,1.9072867152752426,0
8.353015165828236,0.5191512676842911,4.744564887688271,3.1951711577002735,0.8502462816178196,1.0446061751872255,-4.65756831379559,-3.894101485405669,0.42737389485778715,0.8108630220188786,0
11.146249702326688,-0.28136171502186214,6.80347182967728,4.827041830443733,0.5053147122262921,1.5623162358421667,-6.035116119438351,-4.659780170110816,0.6649624314908705,0.062255561025714945,0
12.14699470101529,-0.4159630992502923,7.46732572535471,5.3236688037028825,0.48005288173330607,1.7214874302272936,-6.556770755360728,-5.017929930684733,0.7352916863461761,-0.04661793451167462,0
13.242505248927404,-0.632729749857958,8.227703437000972,5.907474631508144,0.4075559830060469,1.9077318351837804,-7.115000606679445,-5.371761503321887,0.8190276954236995,-0.23847304352544074,0
13.35105166478797,-0.3187059725895498,8.140364920696884,5.771271939494151,0.6170976814153475,1.868187313476505,-7.23228436660888,-5.591600433503381,0.7947167404428465,0.09373903809755402,0
12.148754603752792,-1.0238744215819335,7.763144141727118,5.676009821026273,0.08746725631706495,1.8268160493746035,-6.445440590604922,-4.683878055246935,0.7944759140854787,-0.6829567241455514,0
15.452609011131722,-0.30822277041558777,9.392312318277195,6.6446353536623874,0.7534117750617999,2.151769686831042,-8.38190412735814,-6.5051644355999905,0.9139165819175453,0.17198599556158145,0
16.521099040686703,-1.712886524229606,10.712518785827054,7.904191569299963,-0.08809977563244356,2.539696420853558,-8.705953554889945,-6.193080254216155,1.1115598866168912,-1.2642903152349612,0
14.085883921997766,-2.2893904321526115,9.535450237239937,7.218580102579347,-0.6106148031848885,2.3086508186261665,-7.269566275467499,-4.823648701578232,1.0282854501493948,-1.9457596458113278,0
18.826412241417344,-2.113199463640039,12.285529179221609,9.10041635229193,-0.20458903987152582,2.9219634646365504,-9.890965769748258,-6.968409486497927,1.2823412145794257,-1.6095650415523415,0
15.574003613716542,-2.395305994410924,10.476914332211539,7.902564636725436,-0.5873040815381689,2.529049301489495,-8.06268028115657,-5.40812415028031,1.123706766097834,-2.0090019786196,0
9.876638085777575,-0.052173920258863804,5.932934090564016,4.163196764668812,0.5751035556068178,1.350281404547105,-5.3841021702116185,-4.2375848145285895,0.5700598187746098,0.26154069227090004,0
0.24598754018924396,14.745432353215785,-7.002670948677231,-8.425545816798738,9.540309427667378,-2.5156372108389533,-2.8580614927051897,-8.227423257313879,-1.4190527657390377,15.444206715101517,1
1.0028748257001183,14.07527675280539,-6.224997659259856,-7.721210026943334,9.15406255448166,-2.2970010057361208,-3.147617063717828,-8.18527523439738,-1.3106222015774236,14.766879422366912,1
-5.6771993894201245,16.78217883328047,-11.53316343730372,-12.082204173069808,10.490880469147543,-3.672107115691894,0.000434625682279588,-6.790593591463505,-1.9558397881487348,17.386779308267595,1
0.5471363948122487,14.05301826083149,-6.486801371047434,-7.899046389547893,9.111591974809237,-2.3550431353430463,-2.894621835094517,-7.9761550739346605,-1.3345292025284148,14.728989445956364,1
-1.0357527361417453,13.979193231120993,-7.3977979629102535,-8.518729946634519,8.966332051696039,-2.557239694996311,-2.0165521496750642,-7.251749360132552,-1.4179025840311361,14.601035759447244,1
-1.0229303214335097,15.533856208936442,-8.143957670505404,-9.412552269234045,9.971392253365888,-2.8242529591822043,-2.310726552269424,-8.113531366550516,-1.5682684448833522,16.22895322935033,1
2.0960525712290234,12.881062533557461,-4.992067781932949,-6.573042966074775,8.450017431278056,-1.942102051352971,-3.5240222282955127,-7.999761963021229,-1.13202046225301,13.551703573904327,1
1.3506093189508945,14.441444150393009,-6.194551193252366,-7.787479946621195,9.412031414837887,-2.313077498715332,-3.40515582435164,-8.537152547784295,-1.3263183963042593,15.161334929004935,1
3.1580018354425867,12.967968446481386,-4.399010099343052,-6.178919879070449,8.571615959814698,-1.8129111902848187,-4.12001723789381,-8.506346502143344,-1.0797185745245468,13.676675341404922,1
1.8115357743677265,14.281941327220352,-5.841511368734153,-7.502345229298349,9.337408945518199,-2.2229097516890235,-3.627409971175066,-8.648407214796455,-1.284449039457058,15.009113201394218,1
-2.7860094183345936,14.90395929942709,-8.893103828315002,-9.786017297460223,9.455817985049679,-2.9547914453998034,-1.231537500140666,-7.005029567874356,-1.6079042963168286,15.513104779367985,1
-0.5918696021479519,15.635164530885131,-7.935244646851501,-9.290763593715006,10.06340570336291,-2.7832274424058427,-2.5648468238680078,-8.355529058225969,-1.5534560599092302,16.348806977237683,1
5.0420996830414495,14.946345276116705,-4.231332216474346,-6.53474843881386,9.965731144208679,-1.899049883079904,-5.514382471432617,-10.409809889059336,-1.164220105030255,15.80806090920187,1
-0.3527043945112851,14.226316662106326,-7.109063700310028,-8.375830186784745,9.168070864066646,-2.507200941242317,-2.4352200646480213,-7.682904667160994,-1.4028472785752513,14.881603140748233,1
0.4551498711097999,14.82559348126968,-6.916430845542568,-8.384382550604787,9.604984315279216,-2.501090109179648,-2.987094403123775,-8.361922565771156,-1.4148786674586495,15.53481926501771,1
0.76383875888963,13.885252363899337,-6.275835704501109,-7.711331525568426,9.016577552660104,-2.296612944674724,-2.9819762212472405,-7.977363563777885,-1.3058274863914217,14.56029966452302,1
-0.9959018082041418,15.543116824025319,-8.13228108412823,-9.406597968536815,9.97904042405836,-2.822183329401005,-2.3271977061568077,-8.130306982238373,-1.5676223391200566,16.239512957088863,1
3.6292571920914014,12.890238331637873,-4.0794423009693865,-5.936758693463567,8.550453110725641,-1.7354768100921456,-4.363016880598243,-8.667099830511399,-1.0452059343735103,13.610388434817162,1
4.6613446034762696,12.927655117924918,-3.480249831952378,-5.526508138471616,8.638242298978236,-1.6017860482990152,-4.933562547868489,-9.13352868388662,-0.9898023802520171,13.682596350790856,1
1.2414677895108674,13.820963075437202,-5.958972767106811,-7.474277108085916,9.004489990292385,-2.22063652557166,-3.2309393394171906,-8.148272713142863,-1.2722565711956166,14.508287383346996,1
0.7493290546047504,14.566427509176371,-6.614804685158962,-8.111382307108622,9.455703694988477,-2.416338121823511,-3.0998766193716083,-8.346258669203017,-1.3728616507399738,15.272926936238422,1
4.620610737897454,14.189974649732829,-4.116691512156098,-6.273655859914697,9.451155354464012,-1.8255349273734227,-5.144488617524953,-9.811165958522164,-1.1148187328989665,15.002758185509666,1
2.4375033598088542,13.693371152891553,-5.18170607069019,-6.899982146245534,8.995793999238893,-2.036156307477106,-3.860539045429725,-8.594640853856491,-1.1914370574002673,14.413003189484753,1
4.919923129341168,13.777467234585973,-3.7376423343099425,-5.909817723982567,9.203136767245033,-1.713577709659985,-5.231749436047668,-9.71326536462472,-1.0576046538849555,14.580503888712194,1
3.8215299643213925,13.756845830775381,-4.384638876980102,-6.3575290047881055,9.12210978004663,-1.8591763086646749,-4.628095859731435,-9.22744522091512,-1.1184335623349129,14.523755804933197,1
4.355868917160148,13.66726050696728,-4.021589719053708,-6.082112755335153,9.097177329825454,-1.7711256727456632,-4.903356287913974,-9.408918834634608,-1.0791600307943434,14.44707756856824,1
1.4659604357539742,14.439668836850068,-6.124693982208697,-7.738182815226214,9.417994976388439,-2.2971057475537524,-3.4678223949652445,-8.586001934734345,-1.3195472389508347,15.163168916027143,1
4.76865521414992,13.28501825157457,-3.5893420441777053,-5.68829464553491,8.875703861346102,-1.648990468111811,-5.058176916428998,-9.37670329626878,-1.0183962274714724,14.060138903635284,1
5.374834543055652,13.077176666711761,-3.1259816854732136,-5.314418550236713,8.778809414169448,-1.5307408443932964,-5.350826270320807,-9.524078539369885,-0.963519644247218,13.861963155074598,1
3.4531140063696846,14.108436775073773,-4.775484477930792,-6.715051566005531,9.32651837379148,-1.969987263735347,-4.491844552626212,-9.261945546503089,-1.1736801450516303,14.880027316331546,1
3.7140890752591815,13.287070238852081,-4.2211177222897724,-6.1307797471312,8.81202480994703,-1.792556840768773,-4.482645906098108,-8.922302261540693,-1.07892168028568,14.028529515905552,1
3.8326707340991817,14.866906117173285,-4.916224249906648,-6.9949051384817515,9.839865130049194,-2.0495594817109275,-4.839226433689165,-9.843632289513263,-1.2256842086946333,15.686184807030369,1
4.638114880951171,12.799564415132526,-3.4320355349835516,-5.4621436764038584,8.55406729925543,-1.5827976410779367,-4.8972160740984805,-9.052947363464094,-0.9786819541345619,13.547760330867042,1
5.2555723783424,14.756614997037538,-4.011648200601101,-6.335681287263775,9.856329250980941,-1.83726130378823,-5.595915915977297,-10.397526227385606,-1.1335683989026104,15.616274215896034,1
7.224046625475914,13.32123926977927,-2.1382313195985816,-4.681750582963616,9.050454589393386,-1.321806199871311,-6.405783511106984,-10.457285038111404,-0.8814569412080329,14.17665614419695,1
7.35718550794677,12.188104148973052,-1.5091575811512001,-3.97065251356452,8.326687078021134,-1.1078406897746769,-6.269183322353978,-9.890712464789766,-0.7637101693691855,12.99468964105249,1
0.45494356462888064,14.496193847692679,-6.7568340296378935,-8.193950283386233,9.392188433365716,-2.44417481587993,-2.926136181352682,-8.180413933413234,-1.3828757655578552,15.189978943515662,1
8.242479247379517,12.533786440961077,-1.1472412705447859,-3.8001248823310156,8.604558843792244,-1.0473745799732832,-6.816505100579025,-10.463511937065801,-0.7466645413108295,13.384907917909018,1
2.7908767831881036,14.45847578590931,-5.341324525197781,-7.194630224989069,9.511813005425378,-2.120431299662595,-4.194847586888212,-9.168671877219609,-1.2455838171324816,15.225268720044081,1
8.66708006107773,13.183134647049911,-1.2081273036009001,-3.9980154852686773,9.050192892485763,-1.1019659750231234,-7.168329570230169,-11.004556607916658,-0.7854862765135411,14.078273278439289,1
3.7865014149131824,13.275283343769294,-4.172089570104685,-6.0936604487498265,8.808874371391658,-1.7806855372647261,-4.52001383861832,-8.947089822366182,-1.0736337815003174,14.018508321548866,1
5.402565147993716,13.288217864006558,-3.2117250819162066,-5.424876571313753,8.91684560653432,-1.5634576759261405,-5.404953052031699,-9.652289721025333,-0.9824446467577919,14.083780407964285,1
4.709941682585466,14.280557627338046,-4.1071810156918005,-6.288665552902259,9.515175938010415,-1.829062730666939,-5.210005391513775,-9.899642729209791,-1.1185124500295478,15.10044500246357,1
12.517745355640642,11.917896789162516,1.7086108918836302,-1.6548596085141938,8.47024290608376,-0.36031826655131827,-9.037509457979938,-11.971052890127092,-0.4422407436521465,12.877015387931309,1
8.283287462050616,12.597801076670915,-1.1538717435060946,-3.8200729720814692,8.648426011532523,-1.0528989730752079,-6.850615471804494,-10.516396063282134,-0.7505517754225304,13.4532282760218,1
7.3675470757663994,13.487863311763862,-2.1331907500837524,-4.718073004423442,9.166934689263103,-1.331122921697725,-6.514928882831031,-10.611041141299625,-0.8894424268494907,14.355680954395423,1
7.851717411829458,13.068197635912417,-1.6400992829844974,-4.272738215597155,8.925686901615535,-1.1928242725223734,-6.701820387853983,-10.58904945428093,-0.8209579068595101,13.931850448608696,1
4.248386942610242,13.30297608283724,-3.909243992120121,-5.91639481272146,8.855234239826935,-1.72274804101336,-4.777369858951449,-9.161858242994683,-1.0499032987312962,14.062283941334758,1
7.128634193309072,12.843511883296216,-1.9636597466118282,-4.445368676097299,8.73597442411456,-1.2521786230763485,-6.265433600844981,-10.152958384777063,-0.8404841328386508,13.67349051843406,1
7.9104635174818405,12.760264428614569,-1.4556492315971319,-4.070052249340748,8.730391634096405,-1.131614055034155,-6.677021923644091,-10.444828758386926,-0.7876690016948698,13.61136948170492,1
11.151531318778002,12.056625308328561,0.8241532975615513,-2.3068093811180965,8.475642852539771,-0.5698341560912663,-8.317030552588003,-11.457307901654268,-0.53387762371166,12.978510434453606,1
0.8994781917137686,14.723630010455643,-6.601218911222805,-8.139473247289395,9.566507569065546,-2.423123240510291,-3.210912597074673,-8.4976977543051,-1.3795511113703043,15.44230158749151,1
6.376630573850505,13.00110777696602,-2.4898805227449863,-4.8512058597483865,8.791422762896664,-1.381545429787776,-5.8838668052794745,-9.91491954996452,-0.8988191014354947,13.814398349825158,1
12.637236238638163,10.464791169757868,2.4846693745721,-0.7644077760662924,7.5389419161536875,-0.09289287942935154,-8.834352109658319,-11.22235857307983,-0.29417642411595457,11.359649222672633,1
8.293135447401294,12.303881397936378,-1.0054646493501735,-3.645954286342981,8.459168968477364,-1.000751711328494,-6.80170174218852,-10.358771362881242,-0.7214220567870488,13.14585217561866,1
11.496897877264637,11.885356780962516,1.1137768373840835,-2.063227290331181,8.386296824687484,-0.4933256773317112,-8.47400286196071,-11.512165171706233,-0.4974753013655495,12.810272551843152,1
7.243570085323963,13.647213266289654,-2.2846126948376124,-4.862117986783076,9.262228333233086,-1.3755060052637464,-6.476658268804851,-10.645251225222477,-0.9120218720341167,14.518528677558612,1
7.398991663988127,13.232270007207447,-1.9904496120071222,-4.557084170981376,9.003766674536863,-1.2826682890174723,-6.484888807742282,-10.483853886725349,-0.8628022649175358,14.089118342738342,1
7.0721910349966315,12.868457886134564,-2.0095166796033936,-4.483416424631333,8.748609644141068,-1.264156102843688,-6.2392173167160525,-10.142316368721291,-0.8461374690302943,13.697798579604099,1
7.441883571653911,12.728536049613297,-1.7205422124148342,-4.247785121494918,8.68101220144909,-1.1897630221773685,-6.415264559324521,-10.22494595048377,-0.8113902077003723,13.563154837513482,1
10.266006891769855,12.605720134570344,0.028236968727384237,-2.994955929123119,8.775758442369037,-0.7850117014572264,-7.934862913040332,-11.377214526213637,-0.6379007956786813,13.52498684720324,1
11.245846350043536,12.42383972087773,0.7025111627893779,-2.479731869910527,8.718667010620504,-0.6205063853057657,-8.436367587792864,-11.700294605411953,-0.5641723340125733,13.365949850701604,1
1.1984683198017478,15.19105845350424,-6.649028255243191,-8.284708441562604,9.886883644060228,-2.4633242860747,-3.4605361177684912,-8.884289755934272,-1.407877376843552,15.941202398725551,1
8.40295531126603,12.49955053637737,-1.0346533337943846,-3.7131699720864013,8.592335300030644,-1.0196633321579265,-6.89781888836518,-10.513975596713244,-0.7341571504534881,13.354204852904765,1
7.627595924615658,12.242113247068508,-1.3736017324652927,-3.8887332647158814,8.378243865873165,-1.0804551061849512,-6.426833766932468,-10.03726510017146,-0.753490655949935,13.059885403685158,1
9.298998155939842,12.3681871695786,-0.4349962931232767,-3.2622299201944855,8.562711188140174,-0.8752706015950249,-7.3628926537340185,-10.828681500333067,-0.6701320452173505,13.245369491481597,1
10.462262392290135,11.737745499003259,0.5664916731297822,-2.4108096838471127,8.227167936485465,-0.6083131503795034,-7.881710919686881,-10.983945139569718,-0.5423146957909175,12.622625389762492,1
6.281515441754685,12.223923197118163,-2.169929479670298,-4.4414990927845395,8.28351975697683,-1.2601103183950189,-5.6883645617630805,-9.445792843993285,-0.8287247204308921,12.997753922487203,1
8.188934497838861,13.113844400852344,-1.4605287822958175,-4.158026143906238,8.975959884883245,-1.1549206477429363,-6.894410020560544,-10.759854326136512,-0.8061040015425207,13.990430595253255,1
12.545812726093551,11.194941978052714,2.0759475286498166,-1.2249708490173212,8.00496394990895,-0.23152948798491835,-8.919295654234498,-11.585003675049624,-0.37037040812208666,12.121084847955636,1
7.201960488560097,11.984152482581496,-1.503111589351473,-3.9176468044286814,8.185371637559681,-1.093663355913269,-6.146740006780632,-9.711333316442515,-0.7527674709935135,12.77621290033784,1
6.124077099406346,13.138016581670806,-2.7073281846574844,-5.036075967038673,8.86429444580358,-1.4395099893136587,-5.771233922714876,-9.88122999403392,-0.9265726315713025,13.949637600723277,1
11.571874260263009,11.72025988043605,1.2386760372331587,-1.9363633860823448,8.284270361000605,-0.4546034744530383,-8.48445215504874,-11.453623571443826,-0.47714036373397706,12.639840059041367,1
11.639822745964494,12.752903640110212,0.7786077091812587,-2.505191245359068,8.955518437622011,-0.6238890815412406,-8.71230592919269,-12.051711564680568,-0.5736171530587724,13.723043629269151,1
9.515514995218176,12.162043927511817,-0.20553308226796574,-3.052395951687508,8.442894613455751,-0.8102313143556383,-7.443056792953721,-10.808673217087,-0.6377110066267084,13.036498248144492,1
14.311774422612071,11.176546812768692,3.1411635677288885,-0.47533952148420155,8.101936934044689,0.011470701391703031,-9.880308666332883,-12.337698532808778,-0.26756145691164956,12.158357646275109,1
10.148662692969737,13.13351945542609,-0.29787238251919845,-3.3493295606293927,9.109469164260084,-0.8921878788592359,-7.96827322520255,-11.617216188447234,-0.6959108037459236,14.073760024468932,1
14.837057213970088,10.897511870197416,3.5906567131855844,-0.09413882920341621,7.9540669739341805,0.13104165008313462,-10.115628950977678,-12.410919328278771,-0.2103931677472799,11.883063197312207,1
11.654689392771683,11.420580580958733,1.4335206158008091,-1.7283792978006112,8.0957905328895,-0.3915515003508512,-8.474322681538984,-11.324345657094227,-0.44327680603599084,12.328770207573028,1
13.714992500826511,11.214920120687172,2.7655964491142413,-0.7472658495875493,8.089938769917287,-0.07620676184998576,-9.561487747583833,-12.1010465746837,-0.3054296618206509,12.179425467478394,1
13.888478423930852,11.54111004832197,2.7112018474603232,-0.8633303510813022,8.311342409454683,-0.10903556440724316,-9.71648296823204,-12.355637429157294,-0.32720822046061526,12.526452513342694,1
11.574272905896688,12.475157086392716,0.8740740981277391,-2.3719780906980077,8.772061189319697,-0.584776804200116,-8.625204069936707,-11.870425442436687,-0.550372419072144,13.430184902981855,1
12.478987334096178,9.860722096760846,2.682916700826002,-0.4812470159496378,7.138975165677082,-0.009957903201556206,-8.636349120664079,-10.821305322718638,-0.24451886607141216,10.722210699431523,1
12.35279297481484,11.542674392093376,1.7918847679194698,-1.5068646592854407,8.217691647357274,-0.31785435399506756,-8.878117390296604,-11.693143161337954,-0.4152085089923845,12.478931612383128,1
9.665733664198058,13.187753805457367,-0.6130300067469321,-3.582786249382867,9.114734813549312,-0.9671458485061502,-7.7145584070745805,-11.438479809113392,-0.728807652887383,14.115076583859889,1
15.178442353815,10.934972180176125,3.7766897747349226,0.027052316907937524,7.999308654203561,0.17092649510896418,-10.30898262973852,-12.579015879433921,-0.1945051803064053,11.933206733855421,1
11.142998379469436,12.201598208356387,0.7487545192491609,-2.394229730654022,8.568765406220706,-0.5960544050940184,-8.339149511830405,-11.533467005616087,-0.5484558185577675,13.130002921564628,1
10.314337178497407,11.860564327351614,0.4184585956978992,-2.5437472210357335,8.29738727690448,-0.6496333029243795,-7.823614017566536,-10.987690717289599,-0.5627135898229003,12.746463711587062,1
17.376620617123326,10.037778777225618,5.526547011498746,1.465831339165394,7.5552442724186655,0.6245401742496552,-11.343705256796149,-13.034406083872177,0.018439883076760477,11.064340636624447,1
17.5656091148016,9.664616950295493,5.820528793505627,1.7607461114792002,7.325841378145966,0.7147135722909956,-11.377984776492438,-12.910519799137534,0.0655188896639296,10.679743915509489,1
14.369507394922309,11.424885343286899,3.0552810234867636,-0.5948147045057119,8.26591556266212,-0.02361935362673062,-9.957709501184008,-12.499411368013272,-0.28839515426497364,12.420180206412024,1
13.755423150716616,11.621682450265173,2.5925476772547142,-0.9656108047319343,8.355188311439425,-0.14103321782979705,-9.658703089438102,-12.342538676101588,-0.3426505102379789,12.606540943150222,1
15.134568619090185,9.341276692105994,4.523202564590324,0.9304564462325615,6.967120480762059,0.44047049348468015,-9.990640813677095,-11.68232345028941,-0.042121985795621875,10.26343389978787,1
16.97551733210256,10.142684077045796,5.23576336074175,1.2373086706894405,7.598285797002985,0.5519347755788386,-11.144036129666526,-12.918922650404479,-0.014700922319589083,11.161321651731775,1
14.570082964604758,10.027480819494237,3.8528311908158877,0.2973516998551595,7.37559410527233,0.24518840658501873,-9.809122295586619,-11.816420282816042,-0.14110606811132564,10.963720609313093,1
17.746990375270148,10.143853034618665,5.6966472788267986,1.5594664866337276,7.646595331084892,0.6564998813018352,-11.56556188099199,-13.252812539825856,0.02931726045041083,11.187240861676674,1
13.989902195549814,9.808874348698897,3.611798999852386,0.18100466827261386,7.198617336826988,0.20418949523830054,-9.451899035384002,-11.445405676674817,-0.15304847074058348,10.716299230722486,1
9.545477490961112,11.701173450704665,0.03585692347881064,-2.773298836528948,8.14703179532818,-0.726491690150814,-7.374289245169994,-10.567787691538566,-0.5912045187053896,12.55499271942481,1
13.546061216440002,10.997371797867292,2.7700369277221526,-0.6921316706344705,7.938995392066378,-0.06154030529712973,-9.429047764392653,-11.908258389138153,-0.2939495510245962,11.946276247645196,1
16.537588558037825,9.309346470721428,5.377890671310396,1.536038032697867,7.032978072200643,0.6365224588769687,-10.75094723320269,-12.270787171418494,0.04124051953264063,10.274919392969501,1
17.050566001542713,9.604747968013283,5.541489117440726,1.57984606259296,7.255419845417183,0.6551195037966169,-11.085655336294788,-12.65506806127626,0.04187479286949314,10.600582810754734,1
17.91420996259967,10.399090837614033,5.672907980992502,1.4818171318082811,7.821779572723808,0.6350855938419908,-11.704028957586626,-13.465619125881961,0.014076151745350707,11.459790716790778,1
15.759468048071856,10.355135534267344,4.405378685116791,0.6055575135715401,7.660565062704547,0.35006699891138915,-10.519181675090557,-12.510646446852771,-0.10491290146002896,11.344800834987062,1
16.468341927775498,9.849451436796187,5.074583718684536,1.1946741605719637,7.377602690058041,0.5337507258979031,-10.812897207053965,-12.538342529340289,-0.015214085956534618,10.838114441208315,1
10.344274285797294,11.634448726288774,0.5460048141423322,-2.400438567963576,8.153168130653695,-0.6064791985775342,-7.798195709684913,-10.876087374065257,-0.5390246323201842,12.51071173126053,1
13.902719059226559,10.915519745768924,3.0230577523895157,-0.4955414007264025,7.9081059713960125,0.0010441217934777924,-9.608703067578904,-12.017239898810164,-0.26559179855554804,11.872005909848623,1
16.656922489841346,10.157048960432313,5.038232997274395,1.0956797258583961,7.587926594117771,0.5061858663157377,-10.972701450075574,-12.789213758339233,-0.03432214636428865,11.166161124059983,1
15.488184418293006,10.78446969891452,4.034935696195497,0.2437161356823907,7.921180993137055,0.23900728865077525,-10.450335847066496,-12.629921834311844,-0.16215901663047072,11.785567525401007,1
17.585221368461514,9.653073118058305,5.837857119366987,1.7756298763559784,7.3195932980557386,0.7193725275407008,-11.386562905102096,-12.912633663894526,0.06776275792146791,10.668286998985934,1
16.076239732005217,10.065585934803348,4.7352508758862655,0.9055852346165878,7.493050074903963,0.4431394985695132,-10.638689543667248,-12.488007594927483,-0.05865047281517599,11.051824452413554,1
18.14093200633457,9.917938496310846,6.041822539160108,1.8549817433178433,7.524943692118777,0.7490515821004475,-11.738967544957253,-13.298555601687466,0.07380940404426939,10.963351446303028,1
16.902036331639934,9.977046664689261,5.272125992161829,1.3023610833410935,7.486759106326617,0.5705896838849176,-11.073311388377485,-12.795955595740242,-0.00280589472412629,10.985571079518897,1
18.532444105278902,8.77449326017664,6.830439446948013,2.6801629555221638,6.8104425279274405,0.9998868676687094,-11.74156333316786,-12.837911737963278,0.20733835958192381,9.778862482530208,1
21.232292231003576,8.031096618637662,8.805793287115637,4.239919724662538,6.49665011691549,1.495041214148383,-13.07866213551916,-13.594708445852334,0.434033566934398,9.087058184884892,1
21.207630068154565,8.621058818308962,8.504979279121052,3.888376366812615,6.876229379728738,1.3897052986944933,-13.174169627201614,-13.908981819091075,0.375283719394496,9.703873722220939,1
12.148390908585007,12.319333234569923,1.2930347146915189,-2.041604601276834,8.706792482430394,-0.47987346091013094,-8.90995291949809,-12.032600638697957,-0.5023855499465588,13.285437879285316,1
16.341924855097787,10.655411411017099,4.608172180648616,0.6756209258971673,7.89043833380671,0.3772568105308256,-10.892733593244765,-12.927624298853111,-0.10077783615653191,11.677791113259325,1
16.665764110407554,9.289596645112884,5.464134252555848,1.6010978546616705,7.028121101829786,0.6573430410559897,-10.817297178257517,-12.315276603112759,0.050492255496487726,10.258347189298604,1
19.74973538028481,9.653776271762815,7.132203744231514,2.6809950043076114,7.453470463417951,1.013195186277236,-12.568757449521899,-13.848006033707112,0.19151454269357204,10.738310956060989,1
14.223851326774913,10.113960656085151,3.603802788139866,0.10244780023760214,7.410115630675671,0.18321986855003836,-9.636015684674069,-11.714491274277513,-0.1693171731931069,11.043169318659519,1
19.01354356881989,8.56287269713566,7.220816598267572,3.0038832842157177,6.703396908061805,1.1018037320744103,-11.965207171505394,-12.929176085410308,0.2554270839998498,9.572726782639968,1
16.696706068853143,10.429114545755727,4.930109319364,0.9549700771329803,7.766125832273277,0.4645565614367433,-11.044682704991503,-12.956241027703733,-0.0584886892033496,11.45224790006597,1
20.22046166545156,9.274924014191718,7.597464030150402,3.0970982186584664,7.237758323459552,1.1426126983581764,-12.75584592481249,-13.842685365013772,0.25526330145212794,10.35677583418256,1
18.455057419327836,9.076060325660041,6.637926507081431,2.4733586296556602,7.00047641653274,0.937245746576818,-11.755006042001762,-12.970574230592177,0.17360185991236987,10.092082320644854,1
15.084003331782526,9.442448741555555,4.443900736484164,0.8507806543766065,7.029357962829347,0.4161140417109168,-9.981714709301027,-11.716202556356912,-0.05484757201925472,10.367727749245667,1
18.74828645322417,9.417112894023777,6.647948696378837,2.3988060700347624,7.238862008759002,0.9181089315573345,-11.978139654074594,-13.285075129114814,0.15722864020250205,10.458501473691854,1
14.850542514931416,10.17629002778702,3.948430909422452,0.3286455381922657,7.489008613916599,0.2575505837118053,-9.989771828328013,-12.019525678031641,-0.13952542253197775,11.128480040696777,1
21.9285628166536,8.088198567352716,9.194574482610129,4.498257399655316,6.5764552758178505,1.5797245792183636,-13.46945075403541,-13.926919372986491,0.46831363697500983,9.16912384521547,1
21.293205269816564,8.897598546676482,8.422076076560561,3.764241116125447,7.060141436422951,1.3535211190379375,-13.271984633794563,-14.098253442770549,0.3533018205502567,9.996110105261277,1
20.730261016417145,8.111589837296146,8.466477362180882,3.983281813850496,6.51770079895177,1.4129497690877173,-12.819365852766332,-13.422182956523258,0.39749185759007855,9.155252500768245,1
20.79807010593302,8.189273316007398,8.469369470015451,3.9667268223846506,6.572062028535432,1.4087292021361035,-12.870746556796686,-13.49425862695583,0.39382070780193645,9.238746478180953,1
21.099368754115503,8.242366411734682,8.623845032940231,4.062101491770392,6.624931087343753,1.4404678026909528,-13.045096200016529,-13.65364927035483,0.4058961969280892,9.303972076432023,1
19.220122349768396,9.487914714898317,6.89584315943118,2.555302091903073,7.3136825177404825,0.9699454362892475,-12.248892638909375,-13.527884394514821,0.17733851180527793,10.547724579108856,1
24.08112428813022,6.90762635419036,11.054551893617543,6.081848437467661,5.946524056200725,2.0761311213135274,-14.426916805583074,-14.206531738823717,0.7061911011378581,8.002140937843215,1
16.846088048922613,9.246831350643006,5.592729798808836,1.7012916315595632,7.01161124931738,0.6892241351911892,-10.90787458714382,-12.369616135067503,0.06496401632676418,10.219350434823534,1
21.05153236457443,7.804913407010575,8.807345498517122,4.295098322928116,6.3393997103917865,1.5095940448240768,-12.93816742828108,-13.392055042155903,0.44567626270930294,8.844490844302243,1
18.09723183081065,9.102161589642144,6.41123980242676,2.3085249149986176,6.99528036995472,0.8841403758420734,-11.564414928331425,-12.8303831025052,0.15059578590813372,10.107952275814432,1
22.901681041386496,7.001566303546778,10.303527032149706,5.533960443627883,5.934504560339328,1.8997215814971842,-13.800162272516198,-13.748796733898075,0.6295914156766504,8.062727522563344,1
24.82695540208973,7.958127325139751,10.991295242546311,5.786361973199419,6.67109281013791,1.995816004620571,-15.028268183064766,-15.10727342628058,0.6467567444992439,9.125737997660512,1
27.224206612994152,6.641035732071314,13.063827856866933,7.551307189978376,5.968056736400371,2.549051879504537,-16.09414457909159,-15.41739300201202,0.9119000484886857,7.823671786198984,1
18.364577250671168,9.699559342023335,6.281482534588321,2.074875718004666,7.3976624548667935,0.8171741392921765,-11.82076440858233,-13.274887481901104,0.10782744151391332,10.74189916075218,1
18.1694770976994,9.62092421362724,6.202913685114719,2.0387143614044163,7.334840128962077,0.804272902713965,-11.699692883947069,-13.147302939088885,0.10430945073952991,10.653334253277219,1
17.561098420309605,9.18394994725422,6.05089791811406,2.036867368795029,7.015065580725735,0.7971939113479349,-11.28673429878968,-12.643840111221467,0.11197739866698653,10.176410775564316,1
18.39331906571048,8.431187692855413,6.913685828698782,2.820505626239669,6.580100694136495,1.0403407095613462,-11.602171423519502,-12.588736859432533,0.23274600566598425,9.415017760229754,1
22.42385676545406,6.78949924904377,10.120547747556351,5.456663672944812,5.768061439348429,1.871492364914694,-13.500044945501545,-13.425597752077312,0.6228687008424343,7.8254284806226835,1
22.91930997481394,7.314458286018845,10.162355703953093,5.360366640871181,6.1377108998515375,1.848025984190035,-13.867585944546432,-13.928739534765095,0.600189564224777,8.390844436240773,1
18.68807639656451,9.080943746409368,6.774937147000561,2.5680442710954523,7.01799451068245,0.9680458723901602,-11.8831622901463,-13.073918866969194,0.1864569888240757,10.104653682326969,1
21.278890359325022,7.909300155813202,8.89272261258644,4.32986417784776,6.420845287310568,1.52242426189847,-13.081612061231628,-13.547756620095468,0.44853672232583364,8.961046569161649,1
24.066828276193185,6.356359778795052,11.313300523419688,6.394708363625281,5.589539686252346,2.1694871468295887,-14.317281551869174,-13.896741891545005,0.7589514932563199,7.424587032868919,1
21.05555666286178,7.816771958490523,8.804002594247873,4.2899235832424445,6.347308072732816,1.5080905628721375,-12.942555611793571,-13.400324574345978,0.44475392568802175,8.857033851584614,1
18.798054087107847,7.27768277844467,7.715089691817873,3.6570384894284302,5.8599163275948944,1.2947107040513526,-11.610130204788307,-12.12826432996091,0.36800908390846,8.220421046519093,1
22.361163529346793,7.4002236052744,9.786918530122822,5.0771972252459285,6.158708212301417,1.7574026195974701,-13.578618367554716,-13.734878120158958,0.5599254052949925,8.462761583761825,1
21.805326023175706,8.5079048345433,8.91735298322423,4.203936932153887,6.8399776120508875,1.490434223387581,-13.479676482890639,-14.104842540816769,0.42047222526228145,9.604550621010295,1
20.16640053586186,8.73371287999705,7.827551747183861,3.3875019836107434,6.884818329666462,1.2288302779439935,-12.62635191370011,-13.52125666325651,0.3047716474193898,9.788475606248696,1
19.507486470925762,8.563227538137227,7.516092727170022,3.2103755165833796,6.73407329182108,1.1688205693678935,-12.23502031139011,-13.142735464850258,0.28364839518258567,9.588909764501679,1
22.692042744604166,7.789465167511448,9.796094874405998,4.990528307526866,6.43054337542214,1.735048324350811,-13.831214456929114,-14.092182898035645,0.5410224085882982,8.880832848340233,1
18.364424781725535,9.656757641927772,6.3021451446246814,2.099567619545766,7.370004327486425,0.8245525630770567,-11.812774962338146,-13.251248238314814,0.11197866271647738,10.697087098020226,1
26.537258959787746,5.958644795976469,12.98381497724733,7.658526307237061,5.484906648372646,2.5737282809449553,-15.592946106762309,-14.74482624167626,0.9389258000592458,7.087317536053835,1
22.9696491794258,6.659429029835366,10.510078135461953,5.760288494640172,5.717682856172718,1.9680970211404407,-13.774082004285907,-13.58972142745551,0.6667321932628298,7.706735055832828,1
20.589482088243287,7.232857962487084,8.808353490075394,4.43261297262309,5.941386249502942,1.545738148703375,-12.580168649790055,-12.877403287669413,0.4748435505847568,8.230841024901572,1
21.37894714726662,8.210016054991959,8.806758851183034,4.197805907982271,6.621267150310017,1.4840273688274577,-13.19180135796182,-13.756598942568626,0.425033528646519,9.279055469572981,1
23.208265094037905,6.625652756884174,10.669181961365673,5.879676299675035,5.710572845449029,2.0063403200564887,-13.89815371658106,-13.674191581698299,0.6836648697350407,7.67901447887356,1
24.141571264368856,6.59638147480202,11.241625080627841,6.287161566643862,5.749194382450365,2.1381448082575805,-14.402435484752978,-14.061221822043123,0.7398991688592709,7.678247576062336,1
21.304297401989466,6.921262389654619,9.38700215994778,4.911958718026714,5.784165998104549,1.6966766507185476,-12.912980221308489,-13.014561663379352,0.5460185715390384,7.927527401470281,1
22.437658034688685,6.565423627570551,10.23745328633208,5.592040167885038,5.624165433954742,1.9121025472788968,-13.466191498771167,-13.308147895374711,0.6454363466268749,7.591295542203665,1
20.161607437251202,7.425060308977788,8.45922791424712,4.1423964612878965,6.039169066021643,1.4544061195994198,-12.382004595404176,-12.798435230287657,0.4316868067494233,8.418352433541408,1
23.573737685943,6.727055320347554,10.838618250033363,5.973964178511299,5.798604250916077,2.0384425803342037,-14.116473005924586,-13.887909680766523,0.694716153689952,7.796867354587426,1
20.956016361775163,8.645592754887307,8.342582372994698,3.76889504490574,6.876567895914333,1.3512946029388004,-13.041292467100037,-13.813806837317845,0.3585057822246811,9.721502841435452,1
25.961682080088217,4.3890614071017415,13.400602038033643,8.32548566949334,4.435519484610051,2.766897945437037,-14.988689319368603,-13.631738855627708,1.0585496562255947,5.425766327424494,1
23.966142730465084,6.344699147011229,11.258730270813643,6.359319349982517,5.575800872464185,2.1578296736496556,-14.2601421681119,-13.846827500009569,0.7543251277376672,7.409157013567181,1
22.03214817063056,7.869741077501666,9.362459552520608,4.6679559054054,6.441722816515982,1.6315563671111226,-13.485667134936616,-13.851346948620932,0.4954713117998586,8.943746338768765,1
26.83584611883404,4.625792013786878,13.808690001137743,8.55437153939553,4.642325391352725,2.844687101685821,-15.509807870242561,-14.139724710917005,1.085547745493913,5.701571695789997,1
23.60482448076661,6.605465905538412,10.916169195479899,6.05729793983193,5.721977033568271,2.0636833736035642,-14.1109902687792,-13.834371601084767,0.7083118664725285,7.670575957732035,1
18.761050389101076,7.9810883177427545,7.351886964429774,3.234717129854456,6.312016143472899,1.168087841293306,-11.719852709244321,-12.499686482476916,0.2975275641608741,8.955600270625244,1
18.035972358734178,7.8492139988387795,6.982130651463958,3.0075715110958683,6.182134354461497,1.0924182810910512,-11.299520339263571,-12.113850381358217,0.2688667830414979,8.794336616385193,1
23.791499618616648,6.419678017221974,11.117912858973959,6.242871065308345,5.613469987116918,2.1211512838153164,-14.178617500257523,-13.812683749961252,0.7370474642709692,7.482058565028549,1
18.37554449523664,8.53308863883842,6.853644088752468,2.754129998270237,6.644830278136087,1.0203112814306925,-11.611287325733324,-12.637181713901033,0.2218253565438708,9.52112431637055,1
27.063684922802754,4.765298967594097,13.877325524249898,8.569025724822156,4.746487298905106,2.851511384019678,-15.660002360555923,-14.314976716919109,1.0850223392209644,5.854908580783771,1
27.408158415999424,5.388877155906397,13.781007383025301,8.352509596839065,5.170535486772446,2.7904934426229424,-15.96330828025421,-14.807216484071978,1.0441215695880541,6.518731523533652,1
22.522179322792123,5.8844786651333525,10.618187550967793,6.021255163674681,5.189503571989467,2.041295609637265,-13.386567707146657,-12.969621821471057,0.7164531228320636,6.881150366426906,1
21.701358821697724,7.27175918219751,9.454551558206823,4.875393941034236,6.035052639924561,1.6900078047807918,-13.194562333648332,-13.379115560409973,0.5346671460593875,8.307157048919874,1
18.99531601570274,7.3795694354560215,7.783677324624424,3.680656221818076,5.9378917599647805,1.3038860215403725,-11.736677240180105,-12.269588642701756,0.3693908971625395,8.333396137702998,1
19.81729181837389,7.687142113122237,8.12619919005239,3.846729447133363,6.187242770929809,1.3623414701173768,-12.242380928474898,-12.794048072598168,0.38651836322495203,8.681692308106427,1
20.217063876229467,7.0325331002875044,8.682728452800852,4.392633410793284,5.789025605932938,1.5297933593060211,-12.339783698470123,-12.606202696092499,0.47300930959730403,8.009208491949392,1
25.23955928866428,4.7900578185223734,12.774233527127647,7.7913742294504615,4.650039794840476,2.599512355405855,-14.668400866966682,-13.540662172283,0.9782676506857977,5.822435764807015,1
26.526182591584224,5.777632805140237,13.064959332859384,7.758585199206594,5.367295087937998,2.6035156340272225,-15.553461275652923,-14.64034786532829,0.9558849304913029,6.8974696296170555,1
24.543406439249576,6.088234116063713,11.728371644223241,6.7492181843947385,5.445714617783197,2.2805580477132557,-14.528018833159054,-13.95493257333192,0.8122733697829037,7.159153945342254,1
29.037550354505285,5.736221411934895,14.587194506842462,8.83345450358399,5.495347840812178,2.9517218876996685,-16.917297175939744,-15.702352514808725,1.1035714980026858,6.934508825654602,1
27.419270591539394,4.876776869512811,14.035962666801336,8.653348891690602,4.840417657316372,2.8805292618510885,-15.874783375053196,-14.52997312746772,1.0945288128949822,5.982992388429968,1
24.440796263750016,5.640463659604668,11.884112341749978,6.965261563592637,5.150142134396404,2.344029506216839,-14.38927169692834,-13.663995799205274,0.8499228880849015,6.687118481756945,1
26.8980002102916,5.043922280297398,13.643122823326902,8.338542066285816,4.916257365648682,2.7808455461902994,-15.620986465776934,-14.396861469846398,1.048464715549373,6.141283140352783,1
22.86550634472872,4.9908068644202235,11.256872079241678,6.681808349352176,4.633379044501532,2.2424089600166135,-13.408986381316428,-12.625728638118812,0.8229499230512369,5.9565955773910995,1
21.70642516684662,5.801415376324146,10.170526375114834,5.727933435770543,5.085563002147894,1.9448741350170913,-12.925732321920165,-12.571500263030526,0.6778612552592507,6.768082175934136,1
24.669563309458024,6.039720290956252,11.827354934715625,6.830069820330117,5.422152455775755,2.306076922049968,-14.587953167890065,-13.982708007871473,0.82420523182489,7.112405379721834,1
26.529965202269175,4.7907634663006995,13.545737840606465,8.330954890262692,4.730037617860668,2.774629406899959,-15.373235925900378,-14.098455523502478,1.0520162023506843,5.864481420448705,1
24.72339156333865,5.0247735960114,12.351682089847376,7.439621244576022,4.7698426473613935,2.488840699644534,-14.429871936937841,-13.446969588481753,0.9259282122623382,6.051626246279231,1
27.70776342864429,5.095843815433202,14.102300666192875,8.647368609741745,4.999711925558635,2.8818369171201894,-16.0727977382669,-14.775243605315865,1.0897405744559063,6.221558649454724,1
22.023094931564838,5.714604589941224,10.402033040383586,5.91065816233025,5.049005466899705,2.0028853381274025,-13.082633740281175,-12.660477429324182,0.7044134510330813,6.687340710436221,1
27.703678634835484,4.389899650644789,14.442157560952047,9.053964196359939,4.543439488598397,3.0033187539058472,-15.940167435147327,-14.38467466839003,1.1581183758283027,5.482406575969063,1
25.39023835381633,4.108783791924203,13.194699119822495,8.2484642170019,4.219243402202207,2.7377466273201914,-14.6248457738579,-13.230532426811811,1.053100937147639,5.114063870846678,1
19.471182200570773,5.6400260024378746,8.911787749109061,4.885908676320623,4.843527120045651,1.6692242039945993,-11.67523052550226,-11.517076523611024,0.565680716055327,6.527578923128036,1
26.689644079197286,4.702203217029492,13.68418988639374,8.448996393120229,4.682672891976087,2.8116234442465324,-15.444079757053967,-14.1186552568526,1.0697578317671874,5.776883114418659,1
21.78309619827165,5.713921706879631,10.25881074406025,5.810622229642036,5.033770565757125,1.9704112041991682,-12.951441680110493,-12.556431292418292,0.6907507933133572,6.678943275774198,1
24.028131861134046,5.730051891535834,11.593840479310288,6.740760086393033,5.182576611953766,2.2725019519414227,-14.18045960210013,-13.535082417481403,0.8176094160097782,6.767694663987593,1
19.514760255539947,7.129655915551317,8.215557707998936,4.042570401525859,5.808473548847062,1.4176298663493787,-11.974188236282602,-12.356326272453833,0.42339485211851713,8.088400704537776,1
24.637799871866,4.850341061564339,12.385065407093657,7.504692699951445,4.651888032191373,2.507371370782732,-14.35090881108912,-13.313927205886142,0.9379852601549552,5.866280781734051,1
24.371424949716836,5.016202172182763,12.145312076345938,7.297293337078088,4.7426101450719,2.4425248534442057,-14.23607585483174,-13.290213043970175,0.9066271741887115,6.031386468667983,1
22.72774646320992,5.193274646483105,11.076298910222137,6.507057172704398,4.7556760351208505,2.188700361161391,-13.371153355717073,-12.677732546769676,0.7953913654169165,6.16414022071295,1
25.181581948878488,3.850707900137989,13.195029441211226,8.310415240948949,4.039671623196899,2.7540243538649567,-14.463225358272982,-12.998263661436024,1.0662475068044788,4.837216521448959,1
23.866552046420228,4.1133110935972015,12.281122548197422,7.6082374015766,4.128246269834766,2.530045132482571,-13.793580365100173,-12.574853190345774,0.9654990814788107,5.070028860059622,1
25.82235777417256,4.427250990293487,13.298748793476568,8.245095280725021,4.451600813620509,2.7413756653580337,-14.91965704659724,-13.592589445793438,1.0468679806346373,5.461285406421968,1
20.61662975234757,5.951347545735035,9.4459740173556,5.185175003526595,5.115238938669525,1.7709595294789136,-12.358278134063791,-12.18332777190268,0.600947892903902,6.890154207214695,1
25.175544552762446,5.010954611872474,12.628834544753033,7.636823766684902,4.788787152578666,2.552632633771668,-14.67424501094585,-13.634671016783532,0.9531365181100782,6.051633556515681,1
20.66981937332059,5.259020332777201,9.813486541407661,5.60786209670637,4.6712931364942385,1.8978653544617528,-12.259441288247581,-11.824998780814703,0.6712786072366421,6.167090511164729,1
28.721042863003138,2.8456382186003912,15.7994720328126,10.372866781024369,3.608600202399066,3.4084347769506222,-16.210510508110165,-13.973621595435938,1.3664046983210458,3.8983551320273557,1
23.180568627753736,5.551726359172797,11.173343969398202,6.489225298886284,5.015138489703436,2.1882287401348286,-13.684656422912465,-13.070754133820936,0.7864565629673317,6.5538824645106954,1
28.443653824273955,3.5603400712630977,15.287007256510117,9.84341916376319,4.053179519892423,3.247214434884295,-16.19104257740331,-14.247428251263095,1.2810741341912828,4.63766502985695,1
22.058266651011202,5.817228119562076,10.37331035215554,5.866020737087364,5.11746548584915,1.989921181667067,-13.1207976608234,-12.732190971840868,0.6964513437565465,6.795898560887882,1
20.214977515450222,5.017517419076945,9.658526956971865,5.557207798754277,4.487251915280306,1.877845760901994,-11.96643762026314,-11.49551526374473,0.6687314947993193,5.899712073046164,1
19.484559840147522,5.73464987035522,8.873907996346578,4.836778061919695,4.905476165786707,1.654683280572291,-11.70001479211333,-11.574970000504615,0.5572493831902174,6.6270646399189985,1
24.370984959357646,5.085271691934658,12.111558277350882,7.257160695930404,4.787200046560706,2.4305250551923576,-14.248593852959996,-13.328063582812264,0.8998890640403177,6.103678169749292,1
26.947287106285074,4.353061902296899,14.007589719113373,8.758747618470649,4.473018530664553,2.9069678035944913,-15.520289248027993,-14.037654525970778,1.1184296128583417,5.41963007869114,1
25.502538376393222,4.2058455147670175,13.214806963172203,8.23931907757686,4.288864916595842,2.7362180782703356,-14.704102942580848,-13.332499159089831,1.0500914803813828,5.219268254802476,1
23.15156439876685,5.212612790918521,11.320425647113288,6.673225022398892,4.794292536755946,2.2429124806003204,-13.60617701797093,-12.871455900977027,0.8177561993989266,6.197951215071758,1
26.906797064970807,3.9154210930375672,14.195575410123787,8.994927256659837,4.187818673836222,2.977124156479247,-15.417337706415388,-13.779130197014148,1.1586481763627758,4.960187404999992,1
22.739376737258773,4.944463502325123,11.203899714252907,6.655831748265374,4.59566773532824,2.233291748618437,-13.331545245099427,-12.54572161589632,0.8202388922951969,5.904043276559063,1
24.22916440977663,4.339344014342026,12.388416896372647,7.629244504744376,4.296609174001578,2.5402141213702816,-14.033358938973585,-12.855976961611432,0.9642737891917941,5.318260114434958,1
20.58959743856222,6.403332513551518,9.210645108107851,4.912443277413395,5.405542580252085,1.6891538661438688,-12.427004585765426,-12.420585255013822,0.555472616970496,7.362451692203772,1
21.824584597934027,4.510235983608138,10.867273217838484,6.524172996322333,4.258779859148959,2.1841265244637187,-12.751758303072965,-11.911412991829994,0.8101116260489709,5.420186701343486,1
21.510784368418143,3.848458843356365,11.000460352899776,6.775618350547218,3.8119469244406012,2.255913392843344,-12.458147408866935,-11.411384488590308,0.8564796440876801,4.717356863493014,1
23.306779600288685,4.603131410764597,11.708793475825027,7.090689694494836,4.410151844808536,2.3693519727794694,-13.57836044645596,-12.60282596987718,0.885871369372085,5.5648810313864825,1
22.001599700073143,3.8642645195276115,11.286373905140438,6.971865331727733,3.8524113388723538,2.319834515772649,-12.729106573064595,-11.632102552952134,0.8830203606648939,4.749614516332671,1
22.913838487215518,4.208756847557624,11.664984183885977,7.1543567561573695,4.131175341850404,2.384165512066799,-13.290923529105466,-12.215885846036215,0.9017230228590785,5.13944960616808,1
26.035619330946698,3.1280361881819587,14.05627648022028,9.08577921556625,3.6254892118982047,2.9949321456242255,-14.796135060775814,-12.969156993602462,1.1853395990793447,4.108022318289765,1
23.119914146650487,4.448875457068812,11.671817386533593,7.101711939232924,4.298988127152224,2.370641591589788,-13.447817564707417,-12.43714971198954,0.8901741102461647,5.39741566957169,1
20.927449094598174,5.105937579646668,10.041812991099857,5.804211141871322,4.5882864299910775,1.9593152660729745,-12.371858768913409,-11.851973143058403,0.700894485353766,6.01508197313898,1
19.284663539805397,5.671626228804,8.784900626400043,4.789580296346529,4.85244279429096,1.6384319625568073,-11.579207738793716,-11.453911863083125,0.5519397336520948,6.554689169956063,1
23.84989441828631,4.5366930521727955,12.065868285363258,7.356390557536134,4.400712655471242,2.4545929686506365,-13.862689097090241,-12.800838791482075,0.9233972422659993,5.51271523838772,1
24.347104446083762,3.9237401352444685,12.660481003371002,7.918975723824415,4.0354103706611335,2.6280759899499,-14.020998372249352,-12.67802522603389,1.0114134866130924,4.88695839141266,1
21.985740390967106,3.4738738213150206,11.46618151491093,7.191023469574823,3.59925202757856,2.3851676325876983,-12.648334018695383,-11.41024111497023,0.9200556260198345,4.340424316634504,1
21.943746751925282,4.192331755843524,11.09269544475254,6.757907973452808,4.060767694307765,2.255265021084839,-12.758111888177492,-11.78779803738481,0.8478257003358918,5.091201486798812,1
22.295372523871336,4.667685496651919,11.0725268696851,6.6301150722282465,4.3895078122620745,2.220841927905798,-13.037944240325249,-12.201491493293933,0.8217401668208315,5.600083847002962,1
22.796209678364917,4.602151566462825,11.40387507499402,6.877601138327803,4.37804681879385,2.3001852058475856,-13.299351661643545,-12.381740144808571,0.856759661167442,5.547511517122842,1
22.878561797682636,4.286491612723154,11.606191450127708,7.09463438423569,4.179215383952695,2.3659368775494443,-13.2860174406728,-12.243460752167431,0.8921499093107381,5.219697413299617,1
22.51689051786018,3.91115853860264,11.57185308026857,7.1603735126271015,3.9144666685817677,2.381705204616536,-13.019174597289147,-11.88051522337514,0.9079396778801465,4.8152006426798035,1
16.297228528284123,6.255052476340944,6.7150957731686525,3.2020025749596357,5.045171539040943,1.1318769702399276,-10.05550543279145,-10.484783917357017,0.32434093206135794,7.06982173916653,1
25.136161297107467,3.68673269868133,13.247370179028673,8.386248515734307,3.9309483451112732,2.7762025527636127,-14.408131716632521,-12.888333052234941,1.0795861629326062,4.664104277973532,1
25.022294579543384,4.090877028853316,12.983299034782068,8.104849824271207,4.184995676592778,2.6908748589719385,-14.420599999003798,-13.061732862259985,1.0337932438654602,5.083539902928452,1
19.29283746316643,4.823929238426889,9.200823486415779,5.283292906541648,4.305357544686067,1.7860833602813013,-11.427087965232667,-10.99056669408284,0.6347958989583051,5.667534826197288,1
20.216080511109354,4.094360275888576,10.106809725594696,6.091606221970906,3.890985608822686,2.03758171171364,-11.796517598942799,-10.987555441165457,0.758517223785059,4.933335530185648,1
24.07280831257108,4.521021629105632,12.206801337088944,7.45873612057753,4.404329993952051,2.487574124774274,-13.981530030135733,-12.888497681910005,0.9376720614144076,5.503445183111225,1
24.233969347044507,3.5067738838065106,12.794989868862826,8.112798221209111,3.7590877947402523,2.684793025738757,-13.882193506418982,-12.399507763414555,1.045467037320447,4.446833558487652,1
20.057268725134552,3.9919374063439412,10.061480753008091,6.084388636528891,3.8150339055159592,2.033720675669348,-11.690869557609467,-10.862544757584407,0.7593870500406836,4.8210299225168765,1
19.74255529396569,3.9826213149678704,9.877754523369125,5.958080557381139,3.789616694146354,1.9925925975632524,-11.517280291501134,-10.721469994130278,0.7422894398338835,4.801203090536264,1
23.52385882639226,3.4385762304977714,12.403310537955019,7.855086576055392,3.6712620054530074,2.6001482912671623,-13.481797188773106,-12.055207478365777,1.0114736629728616,4.352709274572035,1
23.786971382265317,4.271658420024949,12.156742085025035,7.483350597746606,4.2256288802438124,2.4918644601739808,-13.779369866088995,-12.627688539252434,0.9455567561997316,5.2332481393648,1
23.080248029425327,3.61097260274708,12.054376082494118,7.569740455349558,3.7552807108735733,2.5101031286908686,-13.271380963068545,-11.958533722795611,0.9693417033158565,4.518982969342882,1
22.56094436655159,4.166994397760214,11.47415314670813,7.030837789922668,4.082445170955103,2.3434614412272285,-13.090489994340077,-12.040448428512445,0.8855947985324395,5.084433940355877,1
24.508966188756766,1.6878457205115236,13.841444115760014,9.279908674772688,2.601060987555774,3.036576090698322,-13.696386185700504,-11.51650618846912,1.2379816959210872,2.5514820353370964,1
18.421509590197907,4.866980035795054,8.658770763765583,4.893773529350222,4.279457606349474,1.660313552165718,-10.959198523994722,-10.637897825376667,0.5807677967271891,5.684710861955656,1
23.141490184989372,3.9247944501971066,11.938840795441807,7.413859412079006,3.9617760831880524,2.464169525885183,-13.362794051818728,-12.157827854600994,0.9423443535477094,4.849469411775302,1
24.07791141593276,2.3344413433153255,13.270088890284677,8.72554880721433,2.9921734216539733,2.8662612370448484,-13.580419379023935,-11.68642522040288,1.150480064801215,3.214575607322572,1
21.30130511538784,4.0964545018320075,10.754913103819653,6.544522704185926,3.959232821133726,2.184594793617354,-12.389557405003933,-11.45748329019757,0.8203935064694401,4.970266805217844,1
24.474671511644218,2.503752877797795,13.425311669085872,8.793652107942023,3.126000762337979,2.8908729638752675,-13.828369023851184,-11.951059708966579,1.1567209917094474,3.4045208805852933,1
23.951820549741342,3.2092094954581833,12.770508568219936,8.166834712646656,3.5494773763974523,2.697916752252326,-13.673143917624966,-12.113744559594545,1.0582474345178063,4.1262949199879335,1
19.60629811979843,4.375022302936184,9.605984842668875,5.674104389311193,4.034697975787279,1.9062543179601619,-11.515351712464494,-10.878730264833228,0.6963570320166927,5.207628399947371,1
19.596940885505596,4.185954504564561,9.692063607649041,5.779542006131521,3.9119885529920064,1.937667739312472,-11.475317678322991,-10.770557685618213,0.7141974573620731,5.009402260423666,1
18.956057633730676,3.646249702549264,9.570417746762043,5.8235104340144215,3.5238492684995912,1.9439336047910474,-11.025631963789987,-10.196474482789903,0.7299904855214745,4.423894289936094,1
23.076390301656787,3.465761531614204,12.122478962729486,7.6521135069069075,3.6612405312595553,2.534681879364042,-13.242451331537168,-11.876891162289107,0.9832342433032444,4.366844516225442,1
20.769804649239376,3.958238408621894,10.504018753953787,6.402050347253796,3.8371867462348446,2.1363096561580575,-12.073768419220343,-11.151772315901473,0.8034226133550606,4.8085608071432855,1
20.722873763056768,3.4380812794980744,10.728162646855754,6.683260620935181,3.498286580369682,2.219855927812508,-11.952057334285765,-10.845019263267387,0.8512925806075085,4.262529318682574,1
16.63986229918204,4.834445107631015,7.608867632094876,4.167035355985611,4.1486182963837255,1.4239875203320929,-9.98021180815508,-9.85037724495088,0.48201150798906034,5.593619522096661,1
17.55282742771682,5.613695128397307,7.777105839159574,4.098374994552007,4.708268664893562,1.413260598632994,-10.62273235723076,-10.673920609459245,0.45850115392650226,6.438606211684496,1
19.830862167164838,5.4093781983092155,9.23876473494713,5.169824282505749,4.7167059951985975,1.7579413595419768,-11.82905120918517,-11.545413006606001,0.6086729665436841,6.297637720050106,1
22.59500750707869,3.305695162828033,11.91215693923098,7.543251397330884,3.528169081843815,2.496980052863129,-12.949996044707756,-11.580794838895724,0.9712539624867302,4.183868751161965,1
20.951442447240222,3.9438170466796727,10.61965668989327,6.486400325954438,3.839067287550884,2.163469359142358,-12.170298933785048,-11.222290033990749,0.8152147557781306,4.799278103378786,1
17.995094304260498,4.641375232403471,8.513105596608098,4.845819566405879,4.10743837424753,1.641406023127173,-10.684655560021891,-10.329449484735235,0.5783016601433404,5.4348854009227825,1
20.20826351925668,3.4070541059991832,10.43539699136925,6.485860148653291,3.44652275076698,2.1553347605536888,-11.665291847495816,-10.605639367805477,0.8248700796101609,4.213575267774315,1
21.51027547519452,2.7325686063576002,11.541231944588157,7.420815479512431,3.091080945794533,2.4487482139717662,-12.251746130197958,-10.796579080882099,0.9649051016797323,3.5491650823562586,1
20.129841338075988,3.971594327258115,10.114753517893773,6.126523740665599,3.806366285242992,2.0470928519318465,-11.726744548542495,-10.882689162542173,0.7655157018902825,4.802056772970355,1
18.74949266228858,4.096580239110596,9.228504950852876,5.476607593956167,3.802017608600046,1.838033141796517,-10.996008076329623,-10.35526971251579,0.674405914421726,4.888712838333416,1
14.378393258246664,5.0005731921447545,6.175634497074283,3.1246059367004797,4.116533142342489,1.0881581110466176,-8.775885553621258,-8.965007763408096,0.3364989441232229,5.695140103876696,1
19.519960918540384,3.582757064258913,9.938498690299376,6.096206778424069,3.5175943572261983,2.031488478658716,-11.321857545627765,-10.405089485484531,0.7684192563105001,4.3754776952955305,1
19.559554149277172,4.4505878621839035,9.54138485275675,5.610837998003669,4.080629914719442,1.8868434002744499,-11.503782528896284,-10.90015704790697,0.6863387648712718,5.285238285589061,1
18.25086287690315,4.527636531610167,8.721241560168613,5.018633921897797,4.049732127595998,1.695801782219136,-10.803324143777443,-10.377288959292095,0.6039871813935456,5.324004811573294,1
15.831920563431312,4.900702458402002,7.093476386109391,3.7906185764059668,4.141616346560522,1.302813927095555,-9.551224860238246,-9.53786989704122,0.4293539136027851,5.637118500723883,1
14.718276123998832,4.421543684524973,6.659694293570958,3.601734637150855,3.7634466395434902,1.2344115311243944,-8.85454296752097,-8.792918631018873,0.41221830098579093,5.0998599835172165,1
19.803909130045703,4.941678950644246,9.449422301693135,5.42905391321168,4.412923643622773,1.8351322594972315,-11.727940082618938,-11.276181203773334,0.6525873206086306,5.807161544509642,1
18.048221001557742,3.560833624666787,9.068818965974108,5.493016287364021,3.412712799355042,1.835413919949466,-10.514074737053955,-9.75728109095132,0.6863597482344612,4.305415434896059,1
18.71098243197096,2.453869417455991,10.001992572200464,6.410605712313325,2.7384974807522555,2.1167787920528167,-10.671541386323632,-9.433898514818194,0.831859778800901,3.1677997378405056,1
18.178884066083988,4.025847494821534,8.921496855668357,5.27873877185575,3.7211532668796754,1.7727712166966252,-10.671327004760357,-10.06983256189321,0.6486390779318381,4.796400251511625,1
19.68121895004179,2.756736102338466,10.435477310400179,6.6414426109965845,2.993947497218303,2.1961817905668513,-11.257342590327523,-10.019808891324226,0.8579258179935008,3.5159153615424303,1
20.367368874162707,3.2269356150651047,10.617901005881555,6.656617230872886,3.3399785493897958,2.2080785847082405,-11.718910151822062,-10.575164919009842,0.8514775446157026,4.030110381956633,1
16.833495362733714,4.574283286345738,7.850835766702277,4.398536619380856,3.99249661487922,1.4952573479199223,-10.037900744161425,-9.790732898702606,0.518373613328063,5.32746612020267,1
18.014552159586515,4.029265946505343,8.821545428867234,5.207994568654746,3.713231899677259,1.7498637523858345,-10.582215006557364,-10.000730367788151,0.6389062964899619,4.794718477204208,1
21.476121213615667,2.1204303756034903,11.81761813227431,7.760572466495242,2.69355106569517,2.5499303419416623,-12.120022069587066,-10.44468569193824,1.0224456923277183,2.9072516900244616,1
19.575092116105807,3.7224817837446667,9.903724883089351,6.038463046374025,3.6112510547949954,2.0148211667576508,-11.377774757263296,-10.50585852000388,0.7579930182660384,4.523514038233685,1
22.055659774794083,2.224086029202137,12.114003865559564,7.943136163878947,2.796233160007295,2.610713586659141,-12.455661297612941,-10.752112795904686,1.0455235508984386,3.0343156509278777,1
19.166528777021405,3.377502163781354,9.826620517263091,6.067023651212098,3.363219365195515,2.018974281439831,-11.090930434511023,-10.139374872702422,0.7681502613063469,4.1492918857478145,1
12.774322465511563,5.384569205408704,5.029978706441602,2.2312634655084747,4.265707446353846,0.803941533046832,-7.970815444162287,-8.483601050422449,0.20741775640280236,6.045780712088266,1
67.76919883149412,-21.139667477101096,50.78589132630139,40.585778717603354,-9.478282170819709,12.857571726623124,-33.10465116822426,-17.630791074135267,5.931295820363546,-19.96082344081805,2
69.60791369623003,-21.897745960919217,52.25328383728329,41.793673671684225,-9.854639821545064,13.238320949017504,-33.96876374533914,-18.00752586671243,6.110157201178573,-20.6955630785746,2
71.35210106673507,-22.05237600649378,53.37153367925754,42.612988932989325,-9.847013041128621,13.501915074469537,-34.892720727378865,-18.675782606503837,6.22496137520285,-20.801605486269427,2
71.79793857756296,-22.46400868043452,53.837801594414955,43.03763666497183,-10.085434605125561,13.633619404200735,-35.06016208752444,-18.641656884298627,6.290472345777578,-21.218253667244685,2
70.14592177600775,-22.061061601125484,52.654278217784736,42.11326955840718,-9.92697387315248,13.339615616575617,-34.2324087158665,-18.14997683035656,6.156806552107856,-20.849308827907613,2
69.03212311845043,-21.38888740687734,51.66214232785661,41.25841158769802,-9.56142344030686,13.072161363539909,-33.748312827613574,-18.03906490518953,6.027762831848836,-20.181293383526484,2
69.68086383013534,-21.577113013620263,52.14144900314808,41.63875258624747,-9.643022972544244,13.19279987229905,-34.06782881118407,-18.215628654063103,6.0831676233512955,-20.357571618960044,2
69.80630211064556,-21.87825053318639,52.362495358929365,41.8654163471694,-9.829817434793403,13.261892215598746,-34.080706945358955,-18.103959140291046,6.119611146501532,-20.668803614010034,2
70.5449703238556,-22.495830651286283,53.103778101940705,42.531719428337084,-10.18322502563621,13.468965520775248,-34.37002444307026,-18.0828975658864,6.221889628700885,-21.291675197334207,2
70.13690571083306,-21.79988739277141,52.52224644570265,41.95843837035834,-9.75881822899829,13.293242039826929,-34.27572813665634,-18.289926054599952,6.130906990497248,-20.57618586282472,2
72.16447528911952,-22.60130450002147,54.12361511840995,43.270428528823835,-10.15153024103162,13.707129959627583,-35.23497096841952,-18.724369573569696,6.324783854041835,-21.35024937039942,2
68.30006941860715,-21.446117158425864,51.25201970451463,40.98517387600725,-9.64351686558953,12.98264069176804,-33.33795905367965,-17.691326688661636,5.991448224917416,-20.264638281555285,2
71.33154446370449,-22.35020829505983,53.50365165763307,42.77664736473059,-10.040671694438736,13.550609720828845,-34.826479997435335,-18.502869415660506,6.252732082732974,-21.11405079824355,2
70.5719549267767,-22.50591228324471,53.12480714660254,42.548842548766174,-10.188074124835312,13.474372881446618,-34.38289878440564,-18.089001314827048,6.224413116322973,-21.301365406994435,2
69.96228893553202,-21.85190806979758,52.443024682895434,41.91545527399293,-9.803185729155475,13.278521636480281,-34.17075893647127,-18.185847651675232,6.125974055769648,-20.636233604028124,2
70.49644462376014,-21.914601435594065,52.79292477460008,42.17524102723262,-9.810758005744072,13.361898572389954,-34.45088667088198,-18.38205306595289,6.162623445500948,-20.684765720908896,2
70.13635981295243,-22.125132603771675,52.679625729547574,42.14632569023574,-9.968951400190363,13.349393041138494,-34.215351850826345,-18.110558813966833,6.162486693428366,-20.9166879760697,2
67.12258799157308,-20.800094493000135,50.234472877521696,40.11879249648714,-9.298785079657538,12.711059038611982,-32.81425469237559,-17.538503140139994,5.861303253407087,-19.626038238298847,2
70.49646016192482,-22.04671151771108,52.85699197512289,42.25165753477945,-9.896096552104025,13.384738550534141,-34.42649224119447,-18.309299080122663,6.17546425488768,-20.82306534922441,2
71.77981206479336,-22.262876156633386,53.72943365759176,42.91372006947875,-9.956625826697834,13.596388020321934,-35.08741550241648,-18.7446023086845,6.2698871404960475,-21.008277284370074,2
70.78090928398143,-21.900314606374753,52.956147706978555,42.28601609394646,-9.783994399948694,13.398059531159575,-34.608874931369506,-18.51279922166013,6.177507575988525,-20.660703533998753,2
73.1789892319575,-23.09671681060222,54.97065581530969,43.98150361801508,-10.409017341175339,13.930544376814638,-35.69749723420765,-18.88974743766865,6.430968356430501,-21.83639890328699,2
68.44573625100561,-21.259966469229756,51.24888794361991,40.9384641598573,-9.514289546938912,12.97024259661581,-33.451894404663875,-17.856773042997602,5.981688850485242,-20.065102551636798,2
69.37959136575223,-21.314279350113942,51.833801650340305,41.360662733753415,-9.491810361175329,13.106450573115541,-33.95185036025187,-18.230248542429216,6.0403883715845295,-20.09206681007355,2
71.24215546911108,-21.659541203080806,53.11529171803964,42.33977230935851,-9.600029652980858,13.419074952312823,-34.9052413195476,-18.84464737299016,6.180491947205322,-20.393883779905213,2
68.94768537997908,-21.674186736216377,51.74997327520556,41.38808921579682,-9.750923845497882,13.110014284481483,-33.64950095899978,-17.845460199785755,6.050661153813131,-20.482663389221823,2
68.7599418195076,-21.6897752734272,51.64523450786419,41.31854135901092,-9.772566327572337,13.087213220743177,-33.544092696816506,-17.75577683692891,6.041436428059904,-20.50499215470203,2
69.86130655007581,-22.087359998896023,52.4967894286612,42.00937875234861,-9.961505905138258,13.305510650445784,-34.072119494606476,-18.01255016750829,6.143081225797914,-20.885950207480295,2
71.7754359340338,-22.278433488462426,53.7343595909184,42.92088688534706,-9.96694518743149,13.598483131009306,-35.08215195350982,-18.734143665440527,6.271148839514932,-21.024703641518137,2
68.53382872930555,-21.371865405615917,51.35583765819442,41.04004797220753,-9.581143088945858,13.001549653375296,-33.47933308320883,-17.833196290746255,5.997603721725989,-20.179424622447176,2
67.51712609716962,-21.151871832191958,50.64103362182691,40.48735405099622,-9.501703882430352,12.825449642156114,-32.96473715840476,-17.515183898618904,5.918062258649773,-19.981668686931556,2
70.3995512053152,-22.0970837371803,52.82345124355535,42.24023894850319,-9.934609201066074,13.380286015376374,-34.36426462391559,-18.23969530641692,6.174816348295591,-20.878899903485916,2
69.94563065540846,-21.41293691953888,52.22021109916998,41.654591659654116,-9.520649191736602,13.200374480760082,-34.24274689371351,-18.420418844756536,6.082357049005262,-20.177227620279844,2
71.07133927644209,-21.79346400372715,53.07805617579375,42.34575028052935,-9.697069415688684,13.419029092682944,-34.78721898326141,-18.69710241467788,6.1837365784406675,-20.539549524911337,2
70.94658083186997,-21.688466356488487,52.95252130913204,42.232814647455285,-9.636934047128875,13.383935769083816,-34.73848183931743,-18.701039967639723,6.166394989520176,-20.43362581194595,2
68.90696130881553,-21.963459278346694,51.865877762289,41.53835748475433,-9.940296280639172,13.154490435512779,-33.57382768182124,-17.66854980389987,6.076446258771041,-20.78679346326198,2
71.22390103719097,-22.106258653201557,53.32097857650358,42.590506515682605,-9.889722145228452,13.493820012708138,-34.81275628068032,-18.590728921141014,6.222864657967293,-20.862116602258144,2
70.79127785815633,-21.82377253056537,52.925235654643174,42.2460844641489,-9.733911179956339,13.386235771340587,-34.62867590881534,-18.5594342069463,6.1706614995495865,-20.5802431578362,2
70.08053226781121,-21.58668038597537,52.3851466897044,41.811533144788285,-9.624567245883972,13.248729350391832,-34.284324843196636,-18.383000425500562,6.106960353507343,-20.35479356010395,2
68.73899211533832,-21.393272355063356,51.48893443667987,41.13828290281046,-9.58232490404694,13.03311176451799,-33.58742082400195,-17.91002877065833,6.011420572381022,-20.19526715153847,2
68.24152952362832,-21.241277769506713,51.11768141576036,40.842201741637965,-9.514804677446737,12.939280304928955,-33.34382699993233,-17.778856704027348,5.968190914696541,-20.05207501296637,2
68.70113422574339,-21.706963106530733,51.618393278148226,41.30387360286535,-9.78729416089673,13.08219832276185,-33.508802353004924,-17.72090792616125,6.039742868012366,-20.52486780605544,2
68.1092476557567,-21.426187834326097,51.12821773383048,40.89379503348333,-9.642405523182164,12.953281631396058,-33.23743048758079,-17.619875412969467,5.978595392851746,-20.24988352519236,2
67.66665523107844,-21.067129892432312,50.689383425509405,40.50091349776843,-9.437745769320834,12.831106582366498,-33.062049882509385,-17.626446925544723,5.91837985066189,-19.88816959770638,2
69.73714158592185,-21.699609343846273,52.234507477735605,41.73315240810686,-9.718683234833527,13.22161841388222,-34.07593560973359,-18.172472589834122,6.098292518674693,-20.484006041746802,2
71.98967675199162,-22.349821343143805,53.89712084744164,43.05182841964162,-9.99985375940279,13.639918169254958,-35.185964679558644,-18.7873698513201,6.290342658663393,-21.09257836488604,2
71.88566142054675,-22.18445055337211,53.75471941754557,42.91265434002506,-9.899440362432427,13.597205086880802,-35.159707492535155,-18.833518612268147,6.268319940457594,-20.922788710103237,2
69.99376113578528,-22.168305429645592,52.615265177462476,42.11162359262734,-10.005629800558824,13.33749121509885,-34.129502426831486,-18.025183998500857,6.15852540856572,-20.966448372927864,2
72.0933765054555,-22.745276004985925,54.15089722883128,43.32394665774133,-10.248914505009347,13.722362991401589,-35.16954923277036,-18.614364217039345,6.3347094225897,-21.503242618215666,2
69.63261002169193,-21.462373793988206,52.056951281058836,41.552197067779694,-9.571878987141144,13.166411966264391,-34.0626711111001,-18.25797845714191,6.0692556564989655,-20.23900091460094,2
69.24289465921112,-21.785370365305727,51.98046148672479,41.57593029278698,-9.804548418497445,13.169324454811637,-33.79018050585989,-17.911743738090877,6.078354534143919,-20.58960665933519,2
69.1204786368325,-20.91273384600985,51.48411283660319,41.01998688577313,-9.248394919058951,13.001847514599193,-33.88451816885243,-18.339476451527794,5.986539297456492,-19.680001222843995,2
71.09520834986165,-22.575473456239994,53.47151621302205,42.80803830484596,-10.200754844490158,13.557456511315053,-34.655804075683804,-18.27671487800686,6.261106336050391,-21.357436113905223,2
73.59087433215265,-23.127122562389616,55.231764977274864,44.17144894323272,-10.403269590299516,13.991735226155082,-35.916815725558095,-19.050919421600046,6.4574852401323035,-21.85504454486346,2
70.13059315711553,-21.15708128321448,52.20678501369254,41.58400973763003,-9.343972154519541,13.181262902547592,-34.391017692988044,-18.64122995017575,6.068070868464103,-19.903463017991402,2
69.50231119319159,-21.77774529450875,52.131932245224846,41.680076649855756,-9.78363211982025,13.203235458974724,-33.93325917512058,-18.02800106892255,6.0924532604173685,-20.57332017976161,2
71.63993495532635,-22.48765779323728,53.754759979100314,42.98519599677547,-10.110450797395176,13.616250499770068,-34.96950620778858,-18.560380580261775,6.2837322968233735,-21.248068688501366,2
70.22850076417593,-22.098364649926886,52.721759817406124,42.169401303137036,-9.945980366941834,13.357278543160263,-34.27061551055459,-18.16510275600862,6.165155972137775,-20.885716297625493,2
70.22049383702083,-22.061048212597214,52.69887643629827,42.1444675592903,-9.922368523324641,13.349740298581263,-34.273135803106456,-18.18219640781762,6.161071114639844,-20.84690769962971,2
71.15170508044199,-21.643590193475085,53.053455136699334,42.292696285496945,-9.59530119473461,13.404034204581993,-34.85879179289827,-18.814361502730584,6.17376747456265,-20.380080773274596,2
69.98207342083225,-21.76243897919755,52.41147659896774,41.87198712271357,-9.7441716039576,13.265741878491333,-34.198089878711976,-18.24366959911436,6.1184102221876655,-20.54193910429676,2
69.62128978000739,-22.152538927423016,52.38482936687417,41.94663858065488,-10.01840460159583,13.28418349756965,-33.929004098980364,-17.8729745200191,6.135685976104908,-20.96186623973181,2
71.75714698541073,-22.38388142275047,53.77455008518379,42.97422273022997,-10.036189022679592,13.614228247580705,-35.05268618365087,-18.668167253573973,6.280351225602303,-21.135677803418314,2
70.88748122576283,-21.83379497542132,52.98763867744806,42.29213893307434,-9.734455327582646,13.40103291123817,-34.6793623037546,-18.595470343371478,6.177138865398145,-20.587655658120035,2
69.35078422719965,-21.5941575135693,51.952278987276344,41.51048428019425,-9.674379711913454,13.150921055159445,-33.88442034665612,-18.063659823868125,6.065942129986565,-20.385980859277385,2
70.60191925045515,-22.31004998446158,53.047759818819884,42.44809845076826,-10.059705397461148,13.444583368203784,-34.43544163085026,-18.209817474019633,6.207091146186707,-21.095366759701168,2
73.17527439986532,-22.672949221504986,54.76295620175314,43.734849830434385,-10.135504041033881,13.856783199937242,-35.77374540031458,-19.12153620786087,6.389569424645699,-21.392894516198268,2
69.49929122674155,-21.6632533893306,52.074610719763854,41.61259292102051,-9.70985963063771,13.183033129013387,-33.95275848540547,-18.08975390600695,6.081152913465745,-20.453560405688624,2
68.22222408807002,-20.92332973570165,50.951966483708105,40.65022789868186,-9.310608940703148,12.881694926014838,-33.39201434729877,-17.945629968280763,5.93618484495693,-19.71984744492952,2
69.49878055829504,-21.56412477013149,52.02623950491214,41.55504508161418,-9.645856728713758,13.165827416473588,-33.970790297846904,-18.144129207163438,6.071489284101375,-20.34980344267334,2
69.43372870783142,-21.624609877912143,52.016657424371104,41.56280666246017,-9.688938321340762,13.167449338436649,-33.92409217538167,-18.082716697870318,6.073646632493068,-20.41520495467269,2
71.1836963583369,-21.781451738335114,53.139437167783214,42.385820036951124,-9.682384010284547,13.432210790886986,-34.850797272489785,-18.752252116821076,6.188996433690656,-20.523377780758697,2
68.70728067363765,-22.09570775257857,51.81056532149829,41.53128831834419,-10.03803370917672,13.150235300998794,-33.440351435078426,-17.509458688102768,6.077876981981785,-20.931630405284718,2
69.25840138055453,-21.262076659680247,51.736000596943896,41.279755990982906,-9.46555912885912,13.080968515032385,-33.89530988986774,-18.20665027973364,6.028382113360287,-20.041297542588936,2
69.13603523205919,-21.411619495786734,51.73531896616773,41.31504291241316,-9.56970249549015,13.09020247856597,-33.80086137136635,-18.071430977941812,6.035916437243828,-20.2017642774675,2
70.82464113058751,-21.377194209591934,52.728653495397836,42.001753237742086,-9.443377236328551,13.313566565147713,-34.72938635047693,-18.81980245841337,6.129166605844732,-20.111672337259776,2
71.62727469072937,-22.40418665866336,53.706713620819826,42.931619982070345,-10.057311116854907,13.600101563201513,-34.97801079739096,-18.60088424624774,6.274895422576488,-21.161091763069315,2
68.85570529583964,-21.88951918686392,51.79936708990547,41.47414310501747,-9.895692476578533,13.134747770359779,-33.55949417200315,-17.6871323221813,6.066327863065979,-20.71102964114843,2
70.88146541831668,-22.02014418334766,53.07439789370306,42.39740243574205,-9.85520264610803,13.432430140619735,-34.64165522776116,-18.490238415118977,6.194906212958146,-20.78292886531883,2
69.74634145203578,-22.256794420413513,52.510179767476046,42.059267670784955,-10.078042483932549,13.319188345697764,-33.9780384657832,-17.869572377273034,6.152972208213111,-21.06700363821765,2
69.19693658459451,-21.297729464080387,51.71652332894985,41.27465608531721,-9.492378621998144,13.078784804380545,-33.85515763368932,-18.160463829412375,6.028331179523675,-20.0805884042669,2
68.5901762563269,-21.514757097903583,51.458827226172424,41.14627328753065,-9.669973897206361,13.033903415948513,-33.48371062418876,-17.778837454111503,6.014714855391053,-20.327207802517012,2
70.67258154840346,-22.122688693133696,52.99917766670072,42.36930182569607,-9.934319422231097,13.421790269263573,-34.508639807444524,-18.343531562112368,6.192923508794559,-20.8969646609072,2
70.0768900678143,-21.7651959790373,52.46952727607123,41.913259100805305,-9.740107951511334,13.279094722293717,-34.249361018179144,-18.28310822934126,6.124102124867563,-20.541790125782285,2
69.06482211982025,-21.165664067207548,51.57346382860036,41.14298673936172,-9.415211659508028,13.03801332082981,-33.807403147694686,-18.176131652686585,6.007938048913157,-19.9465641491943,2
70.28071262547513,-22.386047784726337,52.89248254844859,42.35764065754793,-10.128597418581531,13.414100770826526,-34.24598914740216,-18.029212414441368,6.196102962309411,-21.18520753743137,2
71.42360630107895,-22.01316169295873,53.39528964448591,42.62023049317311,-9.817274007071935,13.50484661351038,-34.93901404582843,-18.72826766215017,6.225240521255447,-20.758264837640763,2
70.15671389573384,-22.08482952051277,52.672258097305935,42.13153259601948,-9.94166206205441,13.345189962330124,-34.23391208244087,-18.141548228415964,6.159733940404145,-20.87384493323485,2
69.34252510767467,-21.764319485334024,52.0298474711059,41.60544664163932,-9.784808798214979,13.179215352146041,-33.84847822352884,-17.966374124260195,6.082007894971953,-20.56438018446373,2
70.41533369672992,-22.166264177708456,52.86643582629026,42.286856032966725,-9.978325026252929,13.394388522898428,-34.3601048437004,-18.208411035366286,6.182442900353671,-20.950816596599573,2
69.82258813009356,-21.47218801157301,52.17534398509298,41.63737248225557,-9.566508250815936,13.193907858789988,-34.16460737564473,-18.33463628406023,6.081077129614454,-20.243193625232397,2
70.68004459018567,-22.015278533583874,52.95156028942615,42.31030081093224,-9.864475363485868,13.404235768634312,-34.532555887180166,-18.40591231856441,6.182911120425667,-20.784282879396972,2
72.02841511241223,-22.516750403112887,54.0012329326618,43.16458769232564,-10.10529749831793,13.674035920301531,-35.17628556397929,-18.712165770889317,6.308782684805259,-21.266088871943563,2
69.8155129035326,-21.561979989401323,52.21465057780961,41.686345756413836,-9.624947540108307,13.208469370474926,-34.14415745532175,-18.28212640483886,6.089399372819861,-20.33741930740932,2
73.35652766968934,-22.79265777852436,54.929416085015625,43.87993504604694,-10.201659854295551,13.902091679357724,-35.85061763508521,-19.13390004944209,6.411572545675069,-21.512409976099693,2
71.16734315974794,-22.98465211300646,53.71306679288042,43.074885443722444,-10.460626612629717,13.637987234120818,-34.61961562100904,-18.082515825575506,6.3050012902714485,-21.783477822170305,2
71.44719067672773,-22.32577780516499,53.5609786348937,42.810911035834636,-10.01776170969567,13.562091349622877,-34.89414836824495,-18.566279331084527,6.2569731508085145,-21.084773683497062,2
71.39665042509694,-22.519722413612854,53.62478877301188,42.90193568646088,-10.146159983596442,13.588755110233171,-34.83072301269246,-18.43763136204583,6.2729317011524195,-21.28942343891862,2
69.8612053895269,-21.876763976502488,52.39461453130152,41.88753161214325,-9.825472863243233,13.269091181262583,-34.110964815104836,-18.128493935106967,6.122607385728317,-20.66548990573646,2
70.8969978453655,-21.649412648568983,52.90392715212542,42.189478002576934,-9.614762766713996,13.370451112042986,-34.718617895932866,-18.70113120939727,6.159762943624047,-20.39432942674117,2
