feature_0,feature_1,feature_2,feature_3,feature_4,feature_5,feature_6,feature_7,feature_8,feature_9,label
0.6726921065565425,0.5292209503259074,-0.47897713664465863,0.07677302840598607,0.1230373463221725,-0.6819738844200963,-0.3743895761719957,-0.35197394434671,0.3701602125462105,0.5049919270420036,0
0.28315731065917044,-0.8219540216875989,0.11141681756974273,0.9112175553685615,-0.44576930880447585,0.6139933134368596,1.4066806071425715,1.3907603204067414,-0.7267983064697419,0.5905540049141603,0
0.24075099067339162,0.8782649292859797,0.2548742146423709,-0.4805074139444043,-0.15469874168796371,-2.0090676621019212,-0.6152856087018408,-0.9844809297496606,0.1563704924024907,-0.4005233166240798,0
0.3641208258657609,-0.1433330638244187,0.5305401373017541,0.5553915028649462,-0.9445841049773873,0.134620667621131,0.2396369831756815,0.32768619173351093,0.0681049028524228,-0.6074171981693072,0
0.33261897472761576,0.0179054683040209,-0.6253277881663077,-0.2962020662116097,-0.13219639242061992,0.3435893021654922,0.4639557993384282,-0.26767909793666067,0.3732523513820836,1.2622228483055646,0
-0.36258916007198455,0.13161643874123563,-0.1579278892298879,1.091767199790953,0.3847768204019419,0.9511588293385425,-0.32784490875109956,0.3753175028995778,1.1823439119849124,0.32044317078968626,0
0.12676018333369662,-0.7528076970042591,0.2926949225809239,1.3513619158605443,-0.576478475682416,0.571787867990257,-0.27254268025089406,0.5372136568020129,-0.3329326796844292,-1.4304508827444298,0
-0.19576411782850084,-0.5414637823673611,-0.49351017747286674,-1.1047016657765558,0.5514880435143484,0.14782978476912517,-1.0750464825295798,0.36847633643890443,-0.21272195370561203,-0.842631145407718,0
0.43010951358032257,0.12413193998384764,0.2640763454241547,-3.1533171250650085,0.8736694278048792,-1.3608172375934575,-1.9491935479747025,0.7082592907507348,0.7503946727397781,-0.7194813935107748,0
-0.5462827867596067,0.8575814877943927,-0.5745262684777644,-0.7246732435083544,-0.18070635701422216,0.4313524336784067,-0.45311824920506183,-1.2461023280960632,1.8507874782682776,0.9638382427266736,0
-0.11831820257958886,1.044233073127733,1.151197326385627,1.4891396412319489,-1.5362875600007144,-1.337426763785139,2.3815831077464993,-0.4334568134590502,-0.29864210793040014,0.9664646484741631,0
-1.690013253869703,-0.09751803060908112,-0.7745256458392762,-1.4309384917673633,1.1793495539345589,0.9883062116191165,-1.6542367003047769,-1.2323287072214493,0.675777809082083,-0.6967042691621549,0
0.9912954740829997,-0.4262550717538468,0.39795626305282206,-2.2047953983317843,-0.294503081651136,0.4146877558826777,-1.9960267795796947,-1.1956822617449265,-0.004281108173584287,-1.9069294837234863,0
-0.19952279424228825,-0.9768354122086398,-0.6142284066887305,1.9638101296537167,0.26649729732977595,0.7291500479424352,-0.7149682974730784,1.3355532553456633,-0.04176620090614814,-1.1511694438311513,0
0.2607798381814839,-0.635446709017129,0.3120223834891563,0.4129934173572994,0.5405122441611115,-0.2410415128926748,-0.4069379150436827,1.6198360457259002,-0.17273336839123787,-0.47634846011499754,0
-0.8274904867997056,0.23521410016666142,-0.4460226014017287,-1.265927960434876,0.10379767585952326,-0.06790620165492242,0.004873335839583548,-0.03006013669214186,1.0306143536618313,0.8722554911938694,0
-1.526997780639695,-1.2931226058263399,0.37549297618941707,2.814207782359065,-0.17560586326637237,2.2906059939454977,2.555797228734767,0.5405591082872396,-1.74242198160696,0.49583365742206514,0
-0.8154591120485332,-0.8561380063736872,0.31501585035292934,-1.4297822567220844,0.042268407395781915,1.1966941362430343,0.864686043085496,-0.32957247394557787,-1.4757217193271324,-0.09461702546486524,0
0.09624557394637567,-0.023564600784544754,-0.1794325383670496,-2.4652884705556692,0.5212051684116518,-0.4783560075818398,-1.8019221902791984,-0.6538411027850951,0.20628990942203318,-1.0048939946789852,0
0.15554955930752432,-1.7355809483050946,-0.025139885325590416,1.296377390666311,1.3443099895946566,1.0337608111497274,1.513782837319085,3.3086368530649635,-1.3249882410302787,1.4137656766327125,0
0.8193708133684591,-0.6963300294692452,0.1090521591875751,-0.2580449331556829,0.8031108647413814,-0.17483493194640648,-0.979718443091177,1.7333260442536345,0.19947743788543587,-0.3347755525393422,0
-0.8650835638513712,0.22208388359519016,-0.6156471624853409,0.46785996985682343,0.12028003109226446,0.9536064387237024,-0.3031898737365554,-0.6215748006058484,1.10628930465404,0.35923431240086146,0
0.06031933377667964,-0.6737409084485069,-0.333127067499533,-0.43081355411582356,1.2305557989233562,1.2814203363347583,-1.6108944205728986,0.18899834163390394,0.17690368864086115,-0.8335718362447089,0
2.1245557660695296,0.20673113265619586,0.4067248207636853,-0.8909673448754076,-0.18617770678815376,-1.138962549235594,-0.6775192681649063,0.21090860538952283,-0.4995413777747332,-0.45586421900165447,0
1.3286073177011413,1.2579810289078572,0.33256592371426297,0.18521225801694463,-0.878715209836701,-2.5296480111483994,1.4770682920235723,1.3008284445247553,0.9468971839087581,2.111903094916849,0
2.283436080674235,0.6435796082182289,1.1672056225322087,-0.4892077307872251,-0.7752472913554356,-2.4681601342708617,1.3627408952804154,0.5364223605159906,-0.9867046641450956,1.0543442822104443,0
0.25377248278006603,-0.10099963450442384,0.10431357612885775,0.03615167106881166,-0.11803299166200731,0.21314107803296492,-0.7178817434235819,-1.3631737885034747,-1.0116891855769823,-1.3957652247443826,0
-0.3544565025391804,0.03444553740962064,-0.7689444104734459,-2.6417087603241596,0.2159932588607446,0.6340525111784822,-1.017462214582445,-0.787343961885639,1.0404532094754686,0.4100902904492644,0
-0.5535810059301294,-0.3837798449249752,-0.24336226722836732,0.9018515252452978,1.0846383336146688,1.0641676412221037,-0.24284377067421387,0.09140024081265552,-0.028298057515961178,0.2287095781048459,0
-1.2608065005677358,1.1953493393889847,0.20560552827872797,-0.6553653052262634,-1.8704502437914834,-0.6858804643638086,0.975460080479177,-2.0967674819482647,0.3642145241877142,-0.21837547311377165,0
0.0013843845467670368,-0.7225928141152886,-0.27543501147641575,-0.07227165725279955,0.3592169852308781,-0.21715539248079302,2.1223982612888865,2.277397199557412,-1.0729395865497697,2.0046487288746446,0
2.247255414533052,0.8984721833559024,0.740622856474014,0.18427828359011778,-0.6661886327858803,-2.435939912699059,0.023333475345486798,1.639737717267261,0.9749854200363645,0.5341853757645116,0
-1.2336386231412277,-1.2644773524537722,0.13161219122184137,1.2988320546734111,-0.008186709660016778,1.7071544928967273,-0.7284228695488645,0.3203589674984989,-0.8561230506023633,-2.531986055081791,0
-0.07291928742227585,0.7288913635433406,1.3152271988260935,2.14614769680417,-1.1742840584286087,-0.8863059556740331,0.11045564661224272,-0.46097514600091216,0.03583709646217598,-1.7609503969574034,0
0.7948819865917494,-0.46514460333536906,0.15886032627606322,0.3854795469392047,-0.5517875484032561,-0.08100426793862722,0.24192991619895923,0.48944900535877006,-0.8583036557923553,-0.5635692662130846,0
-0.7259616138083574,0.7086869871906638,-1.0337346838508799,-2.142578109870098,0.20653626214095772,0.2855063853640215,-2.157748699551489,-1.0979681831126542,2.5165006188682613,-0.1632729543636819,0
0.12487134770457209,1.2390189495086368,0.08667909268642945,-2.9724498371984605,-0.09127043732348435,-2.1560711767627208,-1.731450829561018,-1.124763682769659,1.8658841180180816,-0.0997510853228882,0
0.4605079596309566,0.34326976163518613,0.6495005617786139,1.2203916398799173,-1.4709945773161373,-0.05942973064111279,2.173791339953677,-0.22014404803652693,-0.8083489355789714,0.721672643799309,0
1.5317054903220977,-0.04079220295128555,-0.5880737977468106,-0.21793773376853348,-0.13866497990065574,-0.46893308255099964,-0.35063090886372406,0.6898532609503105,0.6566662889201603,0.8821770546996173,0
-1.5392989364423202,-0.044346823694893234,-0.6644105897500425,1.9722834821819208,-0.2703725909262956,1.2748293437776916,1.323229619475549,0.34386352188662295,0.7189226838264989,1.0997042483807122,0
0.35998032116729484,0.2936443591280298,-1.0750549333357085,0.73269850649559,0.14995050994288184,-0.5051013721185658,-0.21588426443232359,-0.27491452467468885,0.6454533802731025,0.9743334920313208,0
-0.5443150790783378,-0.1070165986295109,-1.010064229550036,0.4497165964212165,0.8162596627831744,0.9083359600244558,-0.5857299980341897,-0.4785658905624951,0.5180052403597779,0.548226482092983,0
-0.3050596152858154,0.44335516140479747,0.37191785843465486,1.233930469915442,-1.5548162461403527,0.28126035342547956,0.07763543959487629,-0.9806647463064535,0.756141765989262,-1.0524039480297047,0
1.6776940223988048,0.03623063421621768,0.30661336872976774,0.43578520224998496,-0.15968192470885784,-0.6201332512657558,-0.6655828248505973,0.4051959459696605,-0.1523453633944734,-0.6048010966183172,0
-0.4581016758155083,-0.4631102402215158,0.6727498964206808,-0.1026144839870966,0.25901776266591453,1.2165105155050284,-0.111596192634413,-0.5310046308552976,-0.8246564675927964,-1.0060743752962826,0
0.10066422024778815,0.9015705224449782,-0.05034152959225627,-0.7805937631592512,0.06886618909225645,-1.0487002625476838,-1.020817338915452,-1.381559134696764,0.3002905103851088,-0.6259467142617331,0
-0.33167173246011605,-0.9684600797664624,0.6055194385335483,0.2786750668111783,0.8143546917178107,0.31461960489699614,0.18425132704694777,1.217667975156323,-1.3213054639740354,-0.7525219016792024,0
-0.8281398596409819,-1.005147240289256,-0.6194590050369428,0.47760636224722786,0.023532455044519562,2.2578568843947417,-0.7797733483967506,-0.48325754197010073,-0.04005769558765326,-1.10722516784977,0
0.7474493849787865,-0.005799944276714375,-0.11948557978971816,-1.9776764373810223,0.6826125239705745,-0.5965526356389923,-0.6987460309359801,1.2061990358550512,1.2148518434864584,1.1091312482503184,0
-0.45002308408398034,0.9184268082077518,-0.4138184598623448,-1.6162628671443047,-0.14412004334730766,-0.690922036925034,-2.093895392426606,-1.9058307173810933,1.449352796955578,-1.1720844014172223,0
0.11367334986708255,-0.47934798983433113,0.20584897738073793,-0.3617752571048414,-0.5191134865110931,1.045059465181798,0.5204376903621054,0.7260711501905774,0.126807808392932,0.22486701000526832,0
0.47877215269096257,-0.8021753891134455,0.876520306279352,1.8096725502672888,-0.352317476797403,1.815284065799376,0.11135740359961147,-0.8344523332567566,-1.384325776786316,-1.4800606994134466,0
1.135784390554503,0.7538206126680492,0.36126545048185155,-0.8093743378062633,0.8072652961021227,-2.175423948987232,-1.1797917576026669,0.1798910924628309,0.07328275049820342,-0.321133021935298,0
1.0374555045504437,0.09719222055251014,-0.23528687635491286,-0.7272670070830336,-0.2725622340206826,0.32799054057499216,0.6717843902780063,-0.3354936004330023,-0.007849301902323878,1.4722039044999011,0
1.2354637354401399,0.033304553424493316,0.31055758117846455,-0.12722197990759324,0.6384634754459343,-0.5985472467563195,-1.6682201449522913,0.0752452477331167,0.2786141625320929,-0.9315654190552234,0
1.4302633830098421,-0.83959944439219,0.8403692855230012,-0.527793830758105,0.773269773628215,-1.9619467206385506,0.1416432368820435,2.4033175755733573,-1.8404165928147191,-0.4278367054029584,0
-0.4018948389731051,-0.41770575649832276,0.22302921552428892,-0.6886526707840875,0.7540031632130723,-0.4989925843358958,0.5373748728671373,0.9620183892009145,-0.9410137834289839,0.3387504342017075,0
1.4374676761483518,0.0845818804636771,-0.3970757997339006,-1.0577764819809503,1.0957630312599924,-0.8827350133926488,-2.1419187781637943,0.14517024973413112,0.37732124622770097,-0.5425233404358729,0
-0.6822455957751965,0.6666880900351191,-1.374196066592867,-1.2807158025263834,-0.09862881027681161,0.58102022868987,-2.189184394684185,-1.5773274902279004,2.3383213783109422,-0.498766780097495,0
-2.2138055257495513,0.21643908806520548,-0.4664793504642005,1.4301743369933773,-0.4926224993629743,1.5645523781473125,1.8771061792323565,-0.6609637901439058,0.6443624570341687,1.4876548833173484,0
1.6911541451568572,-0.7963597910925567,-0.4909836047048018,-0.5313206645274668,0.619673483614518,0.12227308355189703,-0.7089304785089905,0.7140879300068945,-0.9527343038494568,-0.04854865344946817,0
0.4503506556876847,-0.20209181880804686,0.003129045994314489,1.0228890745100203,-0.507688750092768,0.16160785978270847,0.06969932626082315,1.0874036256065027,0.22910012716750783,-0.42436268298569957,0
-0.4197727303564089,-0.38407564215895423,-0.09531472751194772,-1.3827567144867083,-0.21888999130195985,0.8527224743625275,-0.06390829511184248,-0.4064185968370072,-0.006812465018694221,-0.1314733142167534,0
1.8995786394403034,0.24031046092003794,0.6200678893444216,-1.6336104680380608,0.09119256969638835,-1.7729267131214292,1.163753109344901,1.7112237667968733,-0.3592324360413625,1.9141365513756612,0
0.3698539278863414,-0.7645835950077724,-0.19013239167894785,1.635720964295483,0.9374344789162584,-0.9281743673327838,-0.07450226666143467,2.6636279284512048,-0.5339298615688153,-0.13358111306339282,0
1.2143495468991155,0.6535547975563085,0.26513973205153996,0.9084121347800813,-0.33400383704211034,-1.475790387668109,0.30500927182130233,1.0792743344700517,1.030157510402583,1.0121682288107543,0
-1.2815358053333776,0.5745556234777451,-0.8115503247845056,0.9141986906251616,-1.2156174791492251,1.2009587661449908,1.2675764753636056,-2.0952456479251746,0.5445344028371863,1.0949595746099041,0
-0.5627247099503836,0.7024393370845852,-0.8682723283099998,-2.3533900270443864,0.08512072385436364,0.4445862039278953,-1.6892927394590667,-1.9438097160499441,1.7295134396141496,-0.02016914638731902,0
-0.07308904793538351,0.30078637264253955,0.23597880690830214,1.6192021882392629,-1.0765611341666765,0.6145586889564482,1.3117521892960138,-0.37805105612825407,0.5443183264012035,0.8530996051410283,0
0.7748539910159752,0.5271540337474137,0.24900735328285292,-0.44577266756121015,-0.6490986432835613,-0.946785753239588,0.36847331842204645,-0.4107889819535858,0.035405921666767405,0.41983176102380565,0
1.0892706740319174,-0.7701877655336525,0.6753276204302665,1.1972074912445156,0.6601300022291489,0.25964547973681645,-0.39152237764959286,1.2377717245846394,-0.995750568347651,-0.9205442548072823,0
-1.0023504490287707,-1.210257455748859,-0.9098990337083567,0.03412744146455993,0.7678082616244609,2.4053421454132113,-0.2856997783214875,0.07970931769587952,-0.32303495252467057,-0.0880231006704473,0
-0.6130592576528632,0.3741275293397139,0.18668043028551518,0.6191899360775093,-0.6231756101607441,-0.26381029527537864,1.2603220548878964,-0.20125765091367187,0.11131460001862932,0.7771059651639222,0
0.05496199598584359,0.7007208583174237,0.04918668916342828,-0.9522422050980386,-0.06729046035508618,-1.4086389740806133,0.49135984912914277,-0.18566677220985447,-0.3845793786348197,0.4710759318920381,0
-0.6607693977006426,-0.4268726434761545,0.32669852576993824,1.3054044807142964,-0.008583775734725782,0.8387514485272354,-0.12170702315552587,0.11363943541368471,-0.40067796436340514,-1.140376281973669,0
-0.5278416886328485,0.028824800393173367,-1.3655909090867908,-1.7426424795186142,1.1225236041910622,0.3177339753623456,-1.8162706888427989,-0.6828529604178595,0.9805611847586557,0.0730021693033566,0
0.11603169882141148,-0.5042478819430126,-0.5279048208096849,-1.04730493534071,0.6908611910347737,0.4160631563803317,0.21269408291720387,0.925404047174049,-0.12740408140521,1.0354305482619899,0
0.12600123536037133,0.6698327193150513,0.2069522402667784,0.22915115817967485,-0.23316147973869264,-0.8475833428212802,0.25159796285857294,0.015080577474081262,0.5304268571320244,0.42244939415468225,0
-0.39542263119961213,0.03371075274137014,-0.6542245799975288,-1.5102997912043652,0.5305866931434448,0.395082180857928,0.9156118843158936,-0.6686397759420059,-0.5494538234196878,1.7148802100515024,0
1.750108773127854,-0.0649004554246766,0.007294193313063496,0.4522924850317174,-0.12161900619236247,-1.3462488903232168,0.9161291639551189,1.9532399065073425,-0.1253285841850969,1.4789854881803701,0
-1.1491155946900684,-0.6874919362640075,-0.8996937838530665,-0.3286446719032968,0.7687721513257483,1.7884021928818687,-1.0364211262530638,-1.0004444824507237,-0.03814343231293266,-0.6125097959979426,0
-0.830539739208056,0.129320721638701,-0.7738186764240187,-1.6524398763719619,-0.04415392058910639,0.7287545066144603,-0.7649562190035093,-0.6558090217766119,1.374005734534866,0.2922893046754684,0
0.5877953512542957,0.351542128321572,0.309026220223082,-0.5104128830412,-0.21080712149478611,0.690979907917231,-2.313296106325225,-1.8794242793783957,0.902171005437511,-1.9751542096757475,0
0.03048667489471394,-0.3316018282664532,-0.2682864417779106,0.8540920822433546,-0.20954225364136245,1.050593631203257,-1.6589405284781442,-0.43348855067664194,1.2222293940833804,-1.342689747728434,0
-1.447150950121861,0.18412272554878636,-0.4912143768363198,-1.2684888205055098,-0.16297964893257372,0.604413381816392,0.5330105119615984,-0.4393799858076246,0.7119703529629356,0.9031740586848664,0
1.3005540287236221,0.4601902485931228,0.159817983935799,-3.5119007856842157,0.6477389997149553,-2.23108061336079,-0.7920208669371198,0.07223643519716791,-0.14385684693877937,0.6100247049769445,0
-1.100058749131366,0.09257199414969375,-1.360622022688022,-1.1571477820973888,0.2594879307268295,1.1746287814598122,0.12951871721368702,-0.368252848061256,1.1215491796939174,1.5744041005045217,0
-1.8901364666504166,-0.1015970149445517,-1.6085402207268005,-0.2674847860811179,0.20554188841841114,2.804804619384088,0.020720882426072063,-1.4459004861059146,1.3988371015710497,1.2610944081758932,0
-2.1178985709359477,-0.8166872735207232,-0.803141246427891,-1.506899974392377,0.8140236999453964,1.1891439058568243,-0.8422099440469774,-0.2685686172979156,-0.2277041592122204,-0.9012693471845241,0
-0.3607614004292408,-0.670830502134689,0.41480028466747665,0.6917832785541786,-0.6748557967180641,1.0153614937518052,0.8473091820825478,-0.31509176342078793,-1.27666581655161,-0.7947001005599075,0
0.20559111484106818,-0.2704024623209158,-0.3708228473351378,-0.4852233464272504,0.43342628478332235,0.13524453488714416,0.30895410999660133,-0.09671629174587743,-0.8526488460120183,0.567948643945088,0
-0.6209316509298767,1.0078969224198564,0.006194618508869043,-0.9838186482432745,-0.30157736272516616,-1.3117716438658122,0.6907834923964681,0.44843839109903405,1.2399427369905187,1.2388694717269064,0
-0.3655530716133681,-0.02493681169772631,-0.6700604468208684,0.5066994272619654,-0.12842344465895508,0.8829884539032185,-0.08014153767537041,-0.5930829195084037,0.6435063235734142,0.4762236433303446,0
-0.3775241957927291,-0.3024738455606023,-0.777819479272762,0.6154590313277397,0.04388513063663166,2.0465197685166006,-0.40706349455285806,-1.547011041055022,-0.31137358829950135,-0.436984022304802,0
0.2847947936471271,0.5916907326029389,1.53976586784888,1.7317593699977514,-1.2457395508434985,-1.6340013055972094,3.0731570260304557,1.5267402971763917,-0.5593130642420139,1.293996257785558,0
1.3294788535529638,0.3966080734452685,-0.5068582157676645,-0.03752057478278359,-0.13541391861801944,-0.7761950476212522,0.6032101751509976,1.5306070766961315,1.3932787872450616,2.2510503301550546,0
-0.3710911692446785,-0.072455046326727,0.9441629699899345,-1.4649588297509597,-0.29267100292847725,0.4169213828551705,0.8495952936264132,-0.423318154365698,-0.9150734167159768,-0.1853555726168185,0
-1.1198891780112439,-0.10907092288871525,-0.6567861117842199,-0.7006235558589289,0.07257786706676345,0.6178165884176683,-0.2559661868702082,-1.0331388557008503,-0.16315907489156664,-0.2651087097240179,0
-0.7235216211905598,0.21211093186730812,1.0522817716631616,4.063013239317322,-0.8163001967545866,-0.5515264111412121,0.8362124037301989,1.4313088670814902,0.3355422266486974,-1.171556754233717,0
0.04623336759586749,0.1341109327466382,0.6399030586892052,0.7533956168379574,0.11368448107972293,-0.9685181592835017,-0.0739093990135401,0.5640461403473711,-0.49822158411658507,-0.8204716336584573,0
0.15649325070620762,-1.0357491362363591,-0.20647354781046895,1.3910807748826013,-0.20464232624122375,1.2052646029061445,0.819580082851752,1.2386969524641163,-0.6737829721759986,0.12648096379614973,0
0.7327350974697636,1.128183129657623,0.7736909406723216,0.5015809747805584,-1.1934357255452015,-1.5785357387629468,0.44401110858731446,-0.35855932670062296,0.45980575870952034,-0.11096180602341404,0
0.35201403796044906,1.0444373765631796,0.6792105400375217,-0.9751548504951512,-1.105409239997504,-1.828567805595391,0.7834579309918898,-0.49710217983606597,0.16241127247227535,0.3464663958677315,0
-0.576776144018541,1.0170998513815555,-0.45601017809622035,-0.4926170517116078,-1.0360394342530581,0.3484344714951443,0.08670245686571687,-0.9296623100611819,2.0098951462980743,0.824799885011785,0
0.0016370238575847407,0.605635332311119,0.5183740290227823,0.15087875570851977,-0.36141400429538423,-0.07872290097978586,1.2941215514562268,0.34453839114726414,0.7928054249813522,1.5772808781459313,0
1.4332075955752437,1.1642192056003573,-0.2337680482502555,-0.7990436274409831,-0.3511166894332787,-2.005309023264811,-0.2859066777389576,-0.10009343509057557,0.9292647442490509,1.0115493095542378,0
1.0185675604717788,-1.3893244975042325,-0.1895282413962882,0.15041420500447455,0.8358357562114245,0.7207743286459217,-0.7450209892167907,1.3241470588610262,-1.5352137503957137,-1.0662003151429253,0
-0.7873097379009785,0.6193375854490588,-0.15681010999764752,-1.3665612615445675,-0.13096832219778498,-0.23527835071434242,-0.35628516498585705,-1.1300729957768785,0.33787823335480127,-0.2574193598826524,0
-2.0712233875102424,-1.477662022225242,-1.1255841788668264,0.3241899465436515,1.476569133885846,2.6734670395863103,0.03785912104386835,0.4254630117100874,-0.6445116225472084,0.1436969126414876,0
2.075089279466289,-0.20400807644371943,-0.020877491075904198,-1.7403257343133607,-0.3577605806178797,-1.4055427291825249,-0.19919845225943345,0.487636348801448,-1.030234075143925,-0.05527666648699213,0
0.2910498096134947,-0.2690964804327412,-0.469936691096299,-1.3200869278075933,0.6131263803039936,-0.23358843033198634,-0.34462619404329276,0.21639237742811002,-0.4753123789885964,0.2593447417725856,0
1.0146197709498805,-0.1447647216499327,-0.9709284523948282,-2.3335537837903333,0.6732853342881328,-0.810079293430213,-1.0211831699210252,1.1741042000479789,0.6890691258757177,0.9153525146129293,0
0.7923390992846961,-0.37950695926808686,0.5257670810863349,-0.5403681791453149,1.3627308784966525,-1.9172979597061994,1.1587757689196265,2.8694058045760924,-0.9158674170098902,1.7083393900678792,0
-1.3036167316397278,-0.06953155078456713,-1.7237459885038078,-0.8034492978444849,-0.08500205038566533,1.3629960790581124,-1.4479603555781166,-1.4638013928261546,0.8819081378299897,-0.8098522767155923,0
-0.7810912461696163,-1.153242505177297,0.6772825932372466,1.0439882629801223,0.3760317803750326,1.445787664514451,0.5137512880096634,0.7641051236262726,-1.4540717075656668,-1.1504962993086236,0
0.1707052725956001,0.7715125821548315,-0.9783090168376495,-1.6804691016360052,-1.012127707185888,-0.4852820396769614,1.3191661963317634,-0.18735040434312283,1.123735805047199,2.4930592002912944,0
-0.6327377791100446,0.884816311346273,0.18602758988899248,2.4507612541976145,-0.6973973361480867,-0.5331624614782499,1.4673927125112667,0.08043114876569166,1.0226383719464913,1.281376881930381,0
-0.27078134159783024,-0.8041822675797454,-0.7989966103612046,0.47108920369530427,0.4323346413200999,1.1055934690253153,0.6884771205088791,1.1565577965486267,-0.2785616378166356,0.9966862515615742,0
-0.6726371980195962,-0.4358654634401132,-0.5755818371407911,4.049424127685396,-0.672418334532994,1.3963619551902162,1.5048615114039139,1.1236167945600073,0.12668818694065834,0.45101882464741694,0
-1.153080779830862,-0.5735476066559742,-1.760396630710232,-0.8106035847821168,0.5977433813158968,1.4599355002192917,-1.004827672976788,-0.32399939911067854,0.5541218843991467,0.04093105060052859,0
1.2394173823534478,-0.7448368450402871,-0.04566031668103565,-0.1472869031008237,0.6095677974754168,0.13698925401337658,-0.44063925229898715,1.0521370845464535,-0.8548827141233986,-0.20247876895397585,0
2.115788885833076,-0.261248982352511,1.0384317126096954,2.165951048552839,-0.8593628548721426,-0.6679393368007147,0.7258917011143663,0.34113439192983236,-1.3275452005343917,-0.5655553629279301,0
0.08717936188295378,-0.7377799714110109,0.32281861747307805,0.3568536111257239,1.13379401840463,1.3846451237932897,-1.5143768609032058,-0.27596729794238317,-0.767537369488325,-1.802415780869097,0
1.1666894509773835,1.0587188042487412,1.2440735230347366,0.4706296421058198,-1.2707754229665027,-1.8766504877850603,0.08179797037649084,0.06957492419417544,0.5962163393739986,-0.6373367558452608,0
1.9311340324558248,0.8343265473945,1.2011182149012392,-1.9175283716043354,-1.5915696340126837,-3.29998950168694,-0.280950222239712,-0.021875314829007064,-0.43000279685952075,-1.1598100527511452,0
0.17564844309164124,-0.6858254180826319,0.16578818348343646,1.9092150547853644,-0.08316843822667588,0.16594116997501063,1.644157980073503,1.332594090285845,-1.4456610172522464,0.5358899223058234,0
0.5042962526693193,-1.0344666398204743,0.5144247280270636,0.2985567307007982,-0.018799718803796883,0.5487544545029885,-0.7315484876399727,1.450863272413177,-0.538740466291584,-1.686410011781928,0
-0.22963718268979966,-0.09606820775315722,-0.7829363961564226,-0.860552523222002,-0.41616371838181315,0.45679088867192197,-1.5866183404002732,-1.2713180922659413,0.4597968901973808,-1.374542404357879,0
0.6411462847459594,0.2917246402011481,1.8567767013438345,0.8551951505394519,0.03266611221058102,-1.8717665466294213,1.6221464378977561,0.35555626898684994,-2.204299408080926,-0.2134046439545261,0
-0.17518468183598235,-0.06788395908342676,-0.38989179475552527,-1.3974184590456769,1.3575074732469257,-0.4659475768287302,-2.28053618320891,0.18817191956542598,0.5494309143342903,-1.1778117866179056,0
-1.7831008738712488,0.030554906766824652,-0.5806699657215963,-0.6061398489497734,0.4833113509139274,0.5954100831573029,-0.8905695095620181,0.360401869879704,1.5859626077549265,-0.1737468661318436,0
-0.41906095410231475,0.4269831597658823,-0.33941750143051275,1.5508625909700902,0.012485834737786639,0.375793753285681,0.40882959089549076,-0.9193571550906781,0.42478916489252083,0.7210592244111157,0
0.11530592396710804,0.5387617718679336,-0.7115763698484944,0.17785866225491265,0.31675049967751034,0.3832044650847566,-2.3201620425021976,-1.1606089391902024,1.7198784943756684,-0.9434643557052736,0
-1.0872588036048814,-0.39849175795317004,-0.6442023547524434,0.8170518264751797,0.31598347549674494,0.8814349544725587,1.0380379563465056,0.4779676114779385,-0.26818144044625436,0.8573400667003791,0
0.3492558731323641,-0.6667466068094604,0.34452976062333196,0.709675982463737,0.884562417777877,1.4186618079350266,-1.451024430739714,0.03630770545444906,-0.14307106024218094,-1.4501927810018846,0
3.13527052536174,0.6601779750278999,0.8107247750421902,-1.7744072023614692,-0.5502575028043977,-3.0030424407039944,-0.36530416993006876,2.194250972259396,0.7985044674049979,0.7015338487329577,0
0.24637137583330593,-0.2612400061940268,0.30676606443913307,-0.05044767763645655,-0.17002801462577882,0.010669237572083073,0.43895698730944366,0.13398262168196642,-0.5222149833653159,0.03504026606381483,0
-0.20103174745271124,0.22717620798860175,0.5820495658562773,0.5444549813091918,0.4244209919975638,-0.21022296982300048,0.21692226153191704,0.2199107507553228,0.24036207990397296,0.3332302596892329,0
0.9585267303390861,-0.36859238584221005,-0.11311600423857363,1.655621411777001,0.18217945663650706,0.11725379044893076,0.3960224680101563,0.768177452138104,-0.15740711602500426,0.6783645537745248,0
-1.0792353178677032,-0.7125187747193881,-1.0656791876691434,0.4877333949998747,-0.016533970958233002,2.092624158064626,0.5007173105825687,-0.8423168554871215,-0.3925572272915082,0.4152714063681441,0
0.721528436072085,0.6296547859771126,0.07073354387348989,0.08012031009573514,-0.4819290466630213,-0.3392693016880268,-0.7891390895689214,-1.2580096321631724,0.5690075327987336,-0.5084371049472175,0
-0.5775567030173754,-0.6748154340109815,-0.8442899900034608,-0.9900297595548537,0.2981055706865716,0.12263832019728005,0.8582350687025035,0.4925726224653505,-1.1354063849991818,0.8196136034919923,0
0.2908771883030088,-0.6632464073751754,-0.7848862068108214,2.0585980956558836,-0.10993449156410831,1.2206902790207672,-0.20448628199092017,0.6535490542327866,0.2886429038111124,-0.14939963340559673,0
0.06265383542853431,0.1696857168164673,0.7827030316810221,0.7896294724182709,-0.40682170714601085,-0.45653885287228346,0.12614108608305435,0.6747478240620562,0.1401420426588642,-0.6841417518750081,0
1.1959983032283548,-0.5076244516933242,0.5271624549552221,0.36030668236579205,0.6623641347272549,-0.15839598721025233,0.6780837798082316,0.21392094260701455,-1.7952360935213254,0.4013205045931313,0
-1.2734084092114577,-0.5670744868542562,-0.9314199460012932,0.6536311784389217,0.2244567847505644,1.5374802448484988,-1.9412011849325468,-0.7611807047893369,0.8570369133307363,-1.8115256534846549,0
0.7119576517137358,-0.0953852150706613,0.21125181508941054,1.2202050765500565,-0.8970656342029637,0.2942972474954543,0.3125991547821809,0.3780603261861892,0.17495814895231587,-0.2623980018289658,0
0.448563020143718,-0.665719651752047,-0.1316588166666832,2.436208757440175,0.05857379468471281,1.8485182317671076,-1.1495310723916727,0.4781732531053756,0.5921726367740566,-1.3652661904355927,0
-0.014857683741742567,-0.5319556353095093,1.5848809073449517,1.8740011434670887,-1.2984080274541145,0.33876380006597695,1.932214586093007,0.1458726311707398,-2.1349688825845723,-1.208420078806406,0
-1.4447626300930683,-0.5134123134480991,-0.9577991530439902,0.26439756751413906,0.41363262576256377,1.523658864006908,1.3069223476550598,-0.46423409907352564,-0.6991007907609857,1.2732664773416724,0
-0.4197162163213497,-0.3458979022090707,-0.025005262663051808,1.5447179392624337,-2.006260714737845,-0.4692196693344064,3.148537005559339,0.5340216924015793,-2.102179099659629,-4.350891548777529,1
0.116309489635096,0.6805514974880135,0.6282079392982567,1.4010531606178431,-1.774576258760928,0.28694359259626495,3.518473997416675,0.9220980001193642,-1.670209310191098,-2.8434630944350703,1
2.903993249131698,1.3353160416304208,-0.33736327582648107,2.8481232777940635,-1.1804249261680955,-0.38104217766624127,3.804266010584847,-0.6449569395777563,-3.5405794159291233,-5.019869551824845,1
0.09726459200755103,-0.3897591296756897,1.252143783396307,1.2891678432799731,-1.9743503931883044,0.403616705898854,3.149625512780663,1.6034652281415795,-1.6590368318167632,-2.1442504104727966,1
-1.4266823689616053,-0.7737167886277182,1.6611171061085086,1.7566373755159506,-0.7268887141500939,0.03949951776872651,0.9527287372288589,4.4416748567336315,-1.0256847898988855,-1.3422169695822554,1
-0.27703238898554794,0.8113317702219955,0.45010754566359507,2.4832739061672635,0.6385835094998297,2.361422950180633,5.037894042877033,0.659526878509363,-1.1652944475761216,-2.2455433254369113,1
1.2319114257418164,-1.2963693945803292,0.6252362020141101,1.1804560811066787,-1.1706821021404368,1.66940148772572,2.319231930525487,1.7114116904185879,-1.989499779552232,-2.090611511533682,1
-0.5959678293600473,-0.20897646032599668,1.3822337103389608,0.778968365935481,-0.5796477253467269,-0.051120290799198886,1.6383788543949978,1.879530207293715,-0.944533424065339,-1.905376679204844,1
0.7968607519784133,-2.4532366177383764,0.8016057001167036,3.5048883750869195,-1.0989385977965769,-0.6939226781326702,1.3222971389564555,2.9685054386383785,-4.277845736684874,-2.6410415255950093,1
-2.719050960259692,0.6662404271770126,1.0206237973023893,1.1880625790169703,0.8737849041835114,-0.8799512298296808,1.8387395749105258,1.3269853798075577,-1.0894080116260356,-2.5318466679638254,1
0.9463033167374472,-1.984863970271713,1.8736820399891554,-2.2459750307913606,-0.8295642911735877,1.5321013116701834,0.43771674240439196,2.0250790135308003,-0.1640120045794411,0.9116363359340338,1
0.5989239893990631,2.0840014095334114,1.678436114350534,-1.4420768933084605,-0.09861192981480305,0.5966926350447751,0.930073002211526,2.2058289183451767,1.1582253497292871,-1.437540586293597,1
2.1007748114450355,-0.42530441630221605,1.5999373419458447,0.8810171501343796,-0.536664113182382,0.7343362204706129,2.6010886488004514,0.8251380360848102,-1.9212040960795782,-0.7348809845090085,1
-0.04180857343519681,-0.7352154480150002,0.5099542998163575,2.203524546574023,-1.421459022541147,0.34944839449576526,3.5086594987841027,1.1387952256621916,-2.037356246536382,-3.3871129978610854,1
-0.6252407761083104,0.14316317029994555,0.5706531659047871,-1.3996876451829832,-0.6918502483000442,-0.16100427969905828,1.201603803253599,0.9525327176177557,-0.44481770503509344,-2.534133959226547,1
0.6387944665969608,-0.9665427654470797,0.9489617242783525,2.065175770579375,-0.7695903355062599,0.7019495201422428,2.33035608000436,1.901499326420793,-2.005291830591961,-2.329241081035061,1
0.9212933645240455,-0.3944874612408533,0.6539820911714893,-0.9760963171990007,-3.282823547413138,-0.930515185035308,1.3456305587046247,0.3250076615078039,-1.490367939125829,-3.1527719637035547,1
0.0855109321502853,-1.4033214271004741,-0.07438300013949761,0.5329607742499015,-1.8547942142178218,-0.9015597290367996,0.5828275545075401,1.5504524836425733,-1.9945776614496111,-4.2413124746490745,1
-0.36798199707364343,-0.10983701430315548,0.030240818982828266,0.7703419665244455,-1.0306408222760632,-0.5472715289326353,1.394136566693669,1.9942705550227848,-1.4603569653863124,-4.179417833356705,1
0.2366550768287577,-0.8528314595348248,0.3946176282793462,0.5384023581950512,-0.368569681822505,0.9317750883851134,1.622683791840941,1.2825973465552825,-1.261415153621178,-1.7125681040806677,1
-1.4738793614934687,-0.6997714981491208,0.770964919113547,0.7439218677779822,0.532165683916623,0.13279981377995376,0.4229107301453612,3.1417954394521375,-1.8830188484717953,-1.850395799286397,1
1.1194436334199007,-1.7490738246393214,1.7724978951654244,0.27751361979334827,-2.2818688636706117,1.0454625928385233,2.511784165095717,1.930467415126948,-1.7180749849772803,0.28214898026656754,1
1.8381229241773496,-0.12431547196023171,0.6465602575535607,-0.5494739120489428,-0.6774889620907362,3.012075618050461,3.5957622904250983,-0.5375493389066561,-0.3670148665719015,-1.5214359827436557,1
1.6442282883577668,-0.8285680565588208,-0.175990462253252,0.413285187387894,-0.27308914738358736,0.665408767970493,1.420892364628171,-0.13261857716885328,-2.8973407427847606,-2.694130226698727,1
-0.6024552746179742,0.7239319346697193,0.719650565380584,-1.2458812046746495,-0.06553181544058184,1.2261342856433401,2.089740318248841,0.32806996751790596,0.7784484958534208,-1.6980370865375765,1
-1.7744327503416983,-0.6904625437089597,-0.25977448681853854,0.8672802825380227,-0.5780592379161251,-0.6172174402861985,1.6857694578326763,1.103575748390639,-1.7073999635601136,-3.750542838045594,1
2.9422770974556856,1.5172079190322556,0.6967366311265772,1.3002456169132397,-1.0490219597685968,-0.20634959324526814,2.6359419817359773,-0.5194091799603144,-2.4801409848799327,-3.127753540500346,1
0.5841277610509955,-0.8388612890263263,1.1953121967373528,-0.6645853899355018,-1.27475555493986,1.6050039700049954,1.7936056861418872,2.434844342296777,-0.22647193955392853,-1.7048367282337655,1
-0.4072311381017538,1.9344962363587785,0.49279568320958594,-0.030241625964125163,-0.4946427176348948,1.94275105558075,4.251100104701472,0.21963837557552357,0.3039289097072977,-2.1969551144685613,1
0.24417914856326975,-1.340831341112621,-0.05928550572365876,-0.6194484448734736,0.3751655671789039,0.16143094916894357,-0.5550705018676556,1.636958041471586,-1.665319497298364,-2.9318027045391197,1
-1.3111427460465737,-0.18045278336995232,1.512949586430969,-2.701060037787019,0.575948628396861,-0.33395967957402106,-0.48848562735294143,1.6714003600401155,0.23251682154850895,-0.4950277177794604,1
-1.1494079578673229,-0.9598096147680285,2.1810730152316973,0.9736908364967832,-2.121681465322478,-0.12410300204589553,2.0041079509871658,3.2333607345609487,-0.5503975168845493,-0.9968064842853531,1
-0.7306960182784141,1.599062134840306,-0.19416921181942226,2.450737060454721,1.411625424719916,1.0470124881461402,3.6358274186646584,0.2956298325352815,-0.9395473970046492,-3.004650655663471,1
2.066817415648447,0.5149507040691611,0.771338812243113,0.9730447281647998,-1.0966570400153626,0.7150902755535073,2.9517817243892877,0.5365103439496623,-1.7238418387261494,-2.573518574953386,1
1.483165265120507,-0.2453170239037432,0.9903194216221314,-1.3541588578608126,-0.46399114953366694,1.1207616192988246,2.1023456480932072,-0.24991027717114211,-0.6477988140960148,-0.6599862632177791,1
1.1617828747420331,0.9402013354531733,0.7093479579060795,-0.48498230252566976,-1.0211832797801628,0.13344618604380187,1.4608435179159533,0.8247717949934169,-1.3719774661217112,-2.533282093018684,1
-0.406087243209344,0.7750304693086858,0.35354078824895374,3.504484304548422,-0.5206869894653767,-0.7120920994913973,2.3712935554378447,2.438306692990481,-2.2350491449080634,-4.453469813654005,1
0.45746159031205746,-0.8373552566320631,1.622864135091994,0.8225570653070162,-1.4750973046969613,-0.3838019592569937,2.691310949266543,0.7452726202496349,-1.9725307467573423,-0.7119041331784961,1
1.810838798602092,-0.7186134345068312,1.5411780326459432,0.36346604419123185,-3.547137569661485,-1.1476061899365095,2.4329384963103577,-0.4582825963456927,-3.2421153257141992,-1.6021300468386186,1
-0.5392435023933262,-2.8950473083455033,1.2901979076692431,-1.164534736309085,-0.19989398671969394,1.3423609817980213,1.7428298243875116,0.7125793624403131,-1.1994208537805193,0.28475362533701865,1
-0.22070201543541942,0.2815002147724842,0.18197927574998518,0.46234719577599587,-1.0095913316243819,-0.342029110990979,1.3109642229015384,1.3243000414329684,-1.7196015259173718,-3.515789129328102,1
-1.3589611584479542,0.37614369624004573,0.3265231952683234,-0.12656275960348662,2.4086837331450104,1.2521856918298289,0.02261393556732516,2.699177591916821,0.3640464078823473,-2.6339315155401484,1
-1.2589202203071785,-0.9172506414015049,1.2012411513407013,0.27801810708299224,0.6263847240346126,0.6404938406947962,1.519684229230648,2.6201818739611715,-0.5641561033091778,-1.173723469877656,1
-0.31357649374372365,-1.2598808525695226,0.7933328732434023,0.803467560126196,-2.3153711212179533,-1.192881142742827,1.8323041266918223,0.8925352657907221,-2.93889506767849,-2.5394294744742183,1
-2.17180528045601,-0.3434729778390473,0.5144667034505462,0.5251011994356426,-0.5908536217998386,-0.1465055739385348,2.2460937473311025,2.024116200162381,-0.5452554909968319,-3.0381323063217884,1
-0.18755981528576401,-1.6876061512992742,1.732703887359887,-1.114468779523796,-2.92910587900654,-0.4863829914928901,1.649444548122251,0.9172776987617703,-0.904391756334342,-0.8884232758943696,1
-1.679944486250891,0.18805780922564333,0.40226607591451846,-1.3581223324711917,1.5605652389196698,0.48516603269287745,1.2220539219555402,0.2639724171578792,0.3328827907007914,-2.0764163789110017,1
-0.771089450383312,1.36153217862151,0.5804746797164669,2.8264360235861488,-1.6494071181324024,-0.8689793163226758,2.5196777713897776,2.4346320139023145,-2.148808969711691,-4.449829316221321,1
2.516426886909479,1.2363537381495426,0.5344935210291212,0.07170633377726532,-0.819584457427856,0.3532552596635745,2.8121120586299213,-0.9531809637964914,-1.5475521859046548,-3.012260381796188,1
-0.2544070139217447,-1.2992291138797978,2.0895895741377926,0.6494772802617977,-3.742857438423427,-1.762419149514549,1.4248713038163139,3.0296622598148835,-1.9163535290068767,-2.174515716777472,1
1.9254346296298248,1.0273193298409307,1.8515610036282373,0.3649425771494875,-2.9530135894136698,1.1671479214562757,3.81458065394172,1.0195887570394235,-0.6245728854704916,-1.7786635043898462,1
-0.06952665566552949,-0.394085872115453,-0.1776922545276589,2.4244252203019476,-2.7147478054565095,-1.0134728418033705,1.6944428211684555,2.181459711571354,-2.88505130701404,-5.467922784432447,1
-0.20962713442345302,-0.8745381652148602,1.6983804997183571,0.41761929637659256,-2.0112987036742553,1.6727855626088208,4.036374367300081,0.7258478048058942,-0.5088886025288608,-0.4659442697591958,1
-0.1899909261521552,0.7781198209878162,1.6021497057516867,0.7883978998639893,-3.4092200795070466,0.8431384918920395,4.82455233810126,1.022430913424054,-0.22629842870784778,-2.122156758544343,1
-0.7683570423441842,-2.407883590235209,1.5349502691061025,-0.32999901290464595,-0.3091801443811383,2.5130424785844245,1.1273729243319437,3.7640730841484995,0.34032398100209127,0.7533509725693814,1
2.531453492541347,1.6893415529637348,1.2050316659322253,0.4525241657684119,-1.3593943463306393,0.5205782173538502,1.830809133589438,1.2797760272221597,-1.4571992084044374,-2.5256267728077257,1
2.7363747088741177,-0.4854397116373699,0.7179757653581124,0.9125629382355009,-0.3774454304248326,2.2781861921527846,3.639196251209766,-0.39338249208761433,-1.9376742771747957,-1.295681495821945,1
0.6612745003914257,-0.903414327844103,0.24225527139860759,-1.5123177061846835,0.9741226729464559,1.3434410595573198,-0.507433803952785,2.0766313500030074,-0.020765660284815635,-2.2212377316541483,1
1.4660349048640238,-0.1503498511079099,0.9007451536166744,2.2785234177998617,-1.596665834809707,-0.20265761147090544,2.3510916742469092,1.7376290770416212,-2.5740784027073706,-2.6638122164367832,1
0.2257108006832335,0.8140685695216661,0.7752432807368044,-2.338363390360399,0.4326817760209015,1.15306114746471,1.3810935420225166,0.561463872026593,0.5639410775827587,-1.3581252826122272,1
-0.9537326231091671,-0.615123650257507,1.729467271520928,-0.08817887294844196,-1.5642245145540943,0.002991862004336654,1.2739196563508912,2.782056246450053,-0.23586910161087105,-1.8505154943397282,1
1.604402241230989,-0.1354455389165041,0.36577526199146704,0.4504449927300245,-2.4402960304249173,0.5915310952200142,3.5590002166296397,-0.3126793459727455,-1.9221356777113545,-3.063568570311478,1
0.6830144171649479,-0.9760614685837441,0.36058983771438735,1.277299883793402,-1.6910597617742305,0.6546895484897802,2.5957531953345754,1.4055958891500295,-2.6783711730541353,-1.8361544660674374,1
2.0848075888599773,-0.34719474967210273,-0.39511283729785807,1.417415086272713,0.5338296677381601,1.5502522907714853,3.998469184193114,-1.9510280510013194,-2.30757131759659,-2.9524873964689924,1
-0.5689693709897123,0.12144810271680237,0.9687300118180945,-0.06465807563077633,-1.289580328291,0.17439681086841424,1.7568390232577908,1.6948468322904824,-0.5024276604369609,-2.3433722822919894,1
-0.07570673940777753,-1.9067695281209416,2.0444471064072802,-1.7652791469786029,-1.8197155254980957,0.8217375256815314,0.5021872970245056,3.276644673824905,-0.5798287486940699,0.7022650624500739,1
2.4086174794175075,-1.6284654771876712,0.7422489662731528,-0.3636627378098962,0.8028273565232277,2.0173119239833355,0.08949373406061145,2.5498915279843635,-2.099476242508993,-0.5211467236033072,1
-1.3675969959784546,-1.0746040831569252,0.1926925732048177,-1.8106505612941313,0.5898764100470036,1.1517672659650182,2.098279508087578,0.20856355417262207,-0.09850937112299285,-1.5294641564304352,1
0.6625770386870209,0.7073437975499731,0.7495778418096835,-0.061394243913726165,-0.009926394512441705,0.07672651730136743,2.064721869338734,0.09008399922429589,-0.8180092673468113,-2.7099653048051917,1
-1.4495097044334297,-1.4547994801342978,0.5290855303358095,-1.6512427530162084,0.2601535093697712,-0.16722022036877604,-0.5264886055207811,2.465594999663126,-0.6131215596441066,-1.7296260738596567,1
-0.35956903277226626,-1.0789582867839194,-0.22649550219525239,1.575182448348988,-0.02154154624469984,-0.4501570135520089,0.8563484815546254,2.0321597923738546,-2.641801233649619,-3.395725438031543,1
1.0101961588517343,2.353026606339567,1.0739917458375507,-0.9711441811523298,-0.262163289447514,1.0624468663746376,1.283335652448268,1.8196608847235332,0.6582865480183016,-2.236053076494922,1
-1.4988239738027473,-0.7456340048663354,0.5746456837761733,-1.8073300149633733,0.03587315990735296,0.26006146837844746,0.7837512175899082,0.84043380618419,-0.011337028375322245,-1.80257006887414,1
0.5633749238903961,1.2276417055605877,1.926419792839413,-1.749360920829743,-0.8273798085328193,-0.011407466327839288,1.2866917787131098,1.3189574381166622,0.15678506365394518,-0.2454465188682322,1
1.2464401990316931,-0.1038661883232793,0.6601176884694857,1.7492091577142888,0.24410602562016714,0.5797669331115076,2.2426495176581436,1.032856175021779,-2.399251741961728,-1.987388315252661,1
-0.31798021895694684,-0.7306448065160643,0.056475492267053284,-0.4714207680189545,-0.7037631243894198,0.6908343231043016,1.4636688020466744,1.304593215911762,-0.9938333774487269,-2.8845956690679024,1
0.5912312715290888,-1.4117282847949482,0.04306538230205059,0.8640185993692441,0.8532731974366224,1.4253932104662654,2.2909438472879207,0.32638853829061243,-1.59561047043083,-2.4952029482954003,1
-0.48834419902199233,1.1011840639340955,0.7040271712414183,-1.1812272604970437,0.6394020372868457,1.3841949740837036,1.2379928055738476,2.3326678224969313,0.125502530268637,-2.0488159178538026,1
-0.9294667851470574,-1.3885983026457906,0.4990326500016,1.0528922219433805,0.4217139205763826,0.905638722047487,0.6851981768549797,3.357156929359233,-1.1217214170497254,-2.2577289549969426,1
-1.1075073073166568,-3.17194236413979,0.4954920187273958,2.400072238599003,-1.4001678351376983,0.04876039789534303,2.41906887281597,1.820399845306437,-3.5157389435540276,-1.5158576487275017,1
-1.3763627107489076,1.1132818439758951,0.14209612456250453,1.1810861278977662,0.04043068471009137,0.6310848152269118,2.7486345356535073,1.9472985462466004,-0.7784150683219228,-3.9676661347718305,1
2.06100880195432,-0.6667640824668256,0.4237796678011746,0.345073594261349,-1.351689746113303,0.3956030013431612,1.7713535286881543,0.7062248461099816,-2.686669563096178,-1.9602103349617046,1
-1.0408808554762985,0.4370343035281685,0.37698158396364057,-0.009724218334944412,0.5876199701614194,0.8022028501023627,0.017177569304569706,3.7609668023348384,0.43958735813583383,-2.918120429292334,1
-0.5695976201502224,-1.0955542012463177,1.1290491003948386,-0.23433984992272416,-0.03910676044563144,1.3566584889559183,1.8415050086579505,2.264363631646097,-0.7914242346989937,-0.7448026441312976,1
-1.5983414783671956,-0.35634229568184983,0.27842085065959954,1.9926553837845564,-0.9803113586575816,0.12883736438958743,2.1914257601929936,2.5643961998610534,-2.1699673826255306,-3.2990486460398687,1
0.143446627677179,0.8065744913116772,2.4953716379869757,-2.573269796436353,-1.7062617193406542,2.8978513085062723,2.226617627068741,2.898910304905136,2.5723176776908097,0.6792081843641482,1
3.0121823075903653,0.781874325642259,1.6698315917918771,0.29795845953279043,-1.57303914113651,1.6677593500615713,4.078123515533598,0.03898021824400533,-0.6058148307913369,-1.0023236488315033,1
-0.7818697229513252,0.6296145403772091,1.051422572779745,-0.2430306657982475,-1.0941176613284023,1.147059921555388,2.5970787455790143,2.3813200747622028,0.43477829240130106,-2.510777579959541,1
0.30131512969585494,-0.6510119463255872,1.0831831985724985,1.3116284047219962,-0.3778410845136531,0.35932008985801916,2.5369389965789697,0.749323298097034,-2.101341448115935,-1.887635931700104,1
-1.072772376218656,0.28148858578813485,0.5110749693114323,0.3293325536498007,-1.089606012904649,0.29975779223523435,1.6363531552459374,2.710317263552258,-0.37113590796096085,-3.0700086785199936,1
0.12076697408679196,0.9187935277402126,0.7809423707766646,0.4718002347112048,0.28587439915787993,2.459224673850536,2.79764799343328,1.8031875337071432,0.2658196831289006,-1.087092186461748,1
1.5847276483186565,2.2443933044814735,0.48263967667633806,2.9296719179844337,-1.291794578574357,0.9625675999823344,3.874241394923992,1.2198840593554525,-1.0976764945871615,-4.714596881371251,1
2.8012839622802326,0.8914930807164856,0.3679488956937602,2.4994236478796377,-1.3787442335605489,1.3399673099435163,4.493038926557809,-0.6455353013966156,-1.791099515600365,-3.546855638535484,1
0.04281278187101353,-0.29508333219016125,0.21575537147874735,0.02795879907204138,0.5232448991833464,1.1571360488287339,1.2874365550862463,1.2893088969854654,-1.1992197341626913,-2.3429603221784365,1
-0.9945662305308912,1.550068776229124,0.9664669251067541,0.10415147564220675,-1.050151755257582,0.3959301428315003,2.193131791939217,2.4911249090182617,0.5303106234324739,-2.5440955264296354,1
1.470570484864533,-1.2678810186118636,0.532266385361601,0.4298556052857361,0.6272862858375278,0.7453314384687695,0.8526869769519423,0.777496319533644,-2.029641797443736,-1.8653453175941397,1
-0.5148063759158041,-1.3718879822791663,1.3102875504207434,0.36196922114785557,-0.03518970285389611,2.480027983363108,2.2010728185353927,3.1032389801801914,-0.13706054977243343,-0.7099733154376742,1
-0.8008434027107426,-1.8570511004271126,0.9147028928846304,-0.9743358847038235,0.15972837308487053,1.0959530817642513,0.7210771846694186,1.7006440629272748,-0.7380003189939321,-0.9262379107759586,1
-2.074804568816982,-1.0253856186816412,0.6877250076517105,-0.8236483944641441,1.103016190849699,0.47002486523401943,0.02532403613632539,2.7660079901545522,-0.44769125144204314,-1.1469374818861113,1
-0.7351650090448105,1.8738824903758724,1.6608749814759949,-1.4387416746691875,-0.15666931147305363,0.7927711664503077,1.2420978671015046,2.1374293482099804,1.1384460395770324,-1.007687118189461,1
0.4529808130633052,-2.2390065770170335,0.3360306775048624,1.771841541908882,-1.6882503476227133,-0.39412394079777335,3.6776170308127516,-0.6788785854256607,-3.9861185896812095,-1.9538945452518555,1
1.4638035608791458,-0.07758018398092612,0.4177314409464482,0.08897362354782246,-0.5557288583823287,0.8266689546229521,2.1803951479053274,-0.3240792853715142,-1.4779215304521758,-2.178105903308208,1
1.9434233964906218,-2.6265185488552762,0.08482485198829903,-0.5027116179577417,-0.34976174803405713,-0.6991898622336719,-0.5502243043116395,0.5195246362516577,-3.506791267308088,-2.545939686517996,1
1.9571834959805878,0.9243310806800928,0.2845421459139498,1.3491454623832033,0.3941250247123088,1.3495624080590236,2.9397249225061888,0.012973296999237327,-1.3866469444974676,-2.700469696976701,1
4.595882191078169,-0.2627796938704461,1.7590036193675576,1.8890604170817178,-4.984044548006511,-0.3421743405692462,3.9695172410018853,0.030272972316814473,-4.269247355608494,-1.803934691678648,1
-0.9266833482850815,-0.7897496843638282,0.5315146363664383,0.5935999608930127,-0.2317629056812628,0.3810057401660949,2.009623508983072,1.334634033763031,-0.9891765613823327,-2.587850106024557,1
1.0470647646502225,-0.7080414820736851,0.7196368644068072,0.7847179454207067,-0.5377382192046777,0.23334131033781264,1.8461187844851257,1.0929914660915876,-1.645450463244198,-2.2859994857992976,1
-0.5699256076257279,-2.515024443431512,0.4433240249535585,-0.8349306171351085,-0.7643015026870462,1.0814709527912596,2.032760297103227,1.2877171630200432,-1.6258450943373548,-0.7757153455984234,1
0.47990878718588326,0.1247528774564596,1.3594091188421769,0.2912928347949569,-2.2855180011474574,-0.4850483491728783,2.491563662924368,1.1382909828006245,-1.324556765795988,-2.253976509065976,1
2.650599900030203,0.6246217635063949,1.1882248435824982,0.7945765966510195,-2.148284323423176,0.8735510378762519,3.1017215759520838,0.8079371822433901,-1.9643005937844378,-2.064984423744805,1
-0.6933660521456202,-1.0117829707645856,1.014811925326271,-0.4309496566569412,0.28726653279393954,0.13537930082365524,0.0873228132679349,2.3950165105605645,-0.8651908152265346,-1.5404414506578095,1
2.1233341004079396,0.812267535730625,0.6230028714796085,0.13745708778083543,-1.9827163748385774,-0.9028660829483048,2.720080806965598,-0.835718980742741,-2.4226365624448416,-2.7834620071938514,1
-1.6810195290403538,-0.5083262716111455,1.5327147246945911,0.25073020313614347,-3.4811426265111978,-1.7946207567560106,1.3749963827391494,2.632980237181145,-1.2681691360705025,-2.7214249769407757,1
-2.562253107028028,-2.0112094085645773,0.6031424179864568,-0.9438689972742029,-0.0013728948919197181,-0.5858533609750449,0.8631087270395856,0.6962824757244712,-1.0484751322414114,-2.116533729333065,1
0.08959242104172263,-1.2652305723949762,0.317941995549578,2.8098708764165226,-0.40997057053104313,-0.7363899904389051,1.111414278822695,2.868891004298158,-3.2470981663203933,-3.639439321814688,1
-0.44067134816122866,2.197796640225155,0.3451983608189799,-0.4513499287001217,1.2827509824309855,1.668464976558527,1.7941952476164855,1.7424934618155143,1.3395036780875915,-3.706358327157754,1
1.1613385669272938,0.13314122756022342,0.920870347243691,0.37911355750684506,-1.4643865865223002,-0.3729992722602913,2.8233493584663463,0.10953470770478346,-2.6056098618980066,-2.045045967368874,1
1.5973576578829292,-0.9070083413484218,-0.37785159351272335,-0.030498509846680788,-0.6786153436517773,0.7100651286385199,1.9265669721415888,-0.9237893722503701,-2.649633423515346,-3.2102886520621188,1
-2.0821196082262508,-1.6939624787543592,0.6231626997199383,0.6214937580490337,-1.6125351128225578,0.06568330944703371,2.6080674617416157,1.1776020226092814,-1.510694514959578,-2.1579724967341507,1
1.1132055004276493,-0.15055545819391544,1.5952486963804702,-1.2377835239388402,-1.9610274340452603,0.7291940691297999,1.7124257489381507,1.493391065202457,-0.19597553935619816,-1.2874418679883415,1
0.7540019945577779,-0.16144196664582625,-0.25932651059030465,2.3269117404150217,-2.1126822362977244,0.22925358050667244,3.370927900454958,0.08868942664540636,-2.321279148121853,-4.634157156350079,1
-0.7259538682624839,0.17797100483428033,1.4726279596061,0.0703556371768907,-0.8828511378629953,-0.06534169423134795,1.3824203291674795,2.5866327346495934,-0.4223675092673683,-1.6180652044551607,1
0.8112595438264362,-1.4390531867406715,-0.07915163959686722,0.6841630975794545,-0.503509163526842,-0.7112396104153491,-0.2703689859769498,1.9128772004882133,-2.845627285865082,-3.5444017103224392,1
-0.7366481008361,-0.920067668531532,1.0496633261241497,-0.21024002218435123,-0.05308805294123675,0.2748327237695834,-0.13831958175203507,3.33235773807042,-0.7111614418541642,-1.4859461862101504,1
1.0121980759495375,0.27608197746464114,1.3363635308103314,-0.1481485413480892,-0.1963415974808349,1.6068883324578969,2.7988618396305265,1.0275072906513478,-0.08858345137139345,-0.85405494135505,1
-0.9986317345344423,0.3195853343985091,0.9908138289630578,0.3216260737015804,0.30985213546324586,0.13488754459920482,1.5684185856453108,2.1715352889640127,0.09687955572799889,-2.2125589304752302,1
-0.16775999248845094,-1.218646966871584,1.1539165818328996,-1.0946687532427846,0.23570711939979783,0.264796001846632,1.3102620021830755,0.2685312933162012,-1.1612041716477581,-0.812758910654146,1
0.9899484411660143,1.1356854725516983,0.8638763797817153,1.901694793730445,-0.017176139562785853,1.4710987347950049,2.913639014124318,1.7268814552744498,-0.685235008704461,-2.790068689180118,1
-2.152944770132495,1.6858595396407132,1.314666369509071,-1.6177109094471858,1.6758380569852487,1.1678371623475494,-0.5329695182660217,3.8203384965794562,1.5093107509757182,-0.9189720577759284,1
1.9290501412709604,-1.3488458163887649,0.7160761906431884,0.9997911159759614,-0.19250966952603743,0.8970725174647824,1.145177005053282,2.1903479240058568,-2.326981886141253,-1.8144750072741616,1
-2.02821300973329,0.22276755997414446,1.0133798780671979,-0.15919080147838788,-0.03766533028387142,2.2679132207728,3.3561115979666236,1.4773819600273308,1.2530070337528603,-0.7480615507471036,1
0.045375247885138276,2.5074446927744867,1.0830502633460544,0.7355738652927963,-0.15274177630173547,0.8328361779162883,3.6257546587545186,0.8331067728302195,0.9884743673780325,-3.187579655483211,1
-2.1005144364367836,-2.3188505948767215,0.2288858783074914,1.7702621927621545,2.6496453682297543,1.549064169486175,0.6875907662716614,4.224151379054161,-1.8946940572488429,-1.6181365352717165,1
1.6762974706645268,1.5466617185641096,0.6892702580172079,-0.6595664622768727,-0.8546330757153493,1.1869576047195893,2.76057233098313,0.12109940790501406,-0.14550503703598694,-2.4518550566755093,1
1.4615043441021383,-0.8140754559800719,1.915413220027124,-1.4812543894802281,-2.07836434999359,0.34637880866064025,2.2675972209927644,-0.19353008618775092,-1.3373989185379895,-0.08779350041337541,1
0.6387974477459828,-0.3043080809419981,0.21652657326394498,1.179730110485865,0.8779098916182811,1.4923394925063376,1.8927573985782562,1.2714421859733616,-1.2565366369138575,-2.4794005276826327,1
1.3649809732196188,-0.4959864016916592,0.19747815891714082,-0.6564877775329613,0.39875757732372785,-1.383818529206045,0.30834357048418104,-1.0644718454445365,-2.1199585584993406,-2.75851529194612,1
-1.6930335874518367,-0.422008797689881,0.779345789660103,1.848797950704306,-1.0157627544182224,-0.023262899714385332,2.293841700809203,1.7772265171406956,-1.6872834556880045,-2.5546864038369073,1
1.4641673550441636,2.0025310869255124,1.1994629712548113,-3.2570580684233206,-1.901968443046389,-0.21310125547259773,1.0168229460885165,-0.06289178504130888,0.5237287700632676,-2.2160265365263023,1
3.050698310737972,-0.4359946829943401,0.09373604963976367,-0.5322286959067282,-2.112914822986939,0.6053309566053051,1.6921938417793327,-0.2140256122107529,-2.3548069382557975,-2.8200627892674524,1
4.516318090919478,2.2396478553339687,0.6487843731569598,0.9373244664436622,-1.9250491515465642,-0.9501715196323677,1.7750868495324326,-0.5257353497198525,-2.315817224480366,-4.111907535090625,1
0.9845726680496826,1.1816031760874,1.9865047470193926,-1.0630956936753317,-1.9913153105120105,-1.0716932550231866,1.1574841563811096,0.9978433059490989,-0.49282472344402195,-1.4306123594195637,1
-1.5049750441634062,0.8606451331166054,1.5147378609310849,-0.8529551510532278,-2.1505806022924965,-1.140929615395562,2.000082133741867,1.3144605318046587,-0.09623128903823508,-2.551472055842146,1
-0.19884078205722447,-0.25043193526992147,1.5236479602650301,0.17968791079483895,-0.7261174269910622,0.15568895189836074,1.6038184385453578,2.1508324704231945,-0.7492719412907445,-1.0219614083799518,1
0.9280261812805458,1.733883485589773,-0.027633005839832636,3.825597015114807,-0.2450593012873591,2.904862875568684,5.873689348358692,0.6860285007849299,-0.9568705724104775,-4.102641154852674,1
-0.17176581831512708,1.7982827312874252,1.08729381054885,-0.5120902714033677,-0.11263519986343395,-0.881209422220983,1.124973707212992,1.1211352969992991,-0.6274819048597209,-2.9219331783427904,1
-0.9299033936536564,-1.9758800708991233,0.326887101356492,2.1892806387424684,-0.12788542672627012,0.6933358287887247,3.180042249861206,1.2557020558321281,-2.243990271010439,-2.194960552777583,1
1.1848901433016452,0.17356966431080847,1.175752444505202,0.6263745696312324,-1.7300897907312416,-0.22905523754773605,2.21706388997061,0.9545616992074168,-2.1675744482518366,-1.947143620488604,1
1.9932816732431542,3.3012533448863244,0.8701573589246039,-0.34433491504515723,0.6211121429425986,0.8421635947768066,3.1728044272146576,-0.865517838758602,-0.15042363895437172,-2.9530750675972364,1
1.2690431433243257,0.508629043087637,0.5843406487921162,-0.10640932892701926,0.544239614324301,2.305639340630165,2.465710767897159,0.9738324973079435,0.1462374082273279,-1.145929217549659,1
0.24881057862565642,1.0900886422987952,1.5222836207061998,0.2995811825180475,-1.5504674164523442,2.1463651840835603,4.243080688653018,2.8210897122856826,-1.8033166057300287,-3.3823259204239084,2
1.3192579514185077,-0.05492520983563581,0.5559719608228564,1.4682631135253352,-3.7419575579836257,3.5715259329869022,4.34299843567138,2.4864923618748564,-3.1092958432916062,-4.344541165484067,2
0.19638267977792884,-1.5177132581528778,0.7652121488429424,1.260229842761765,-3.566166089034313,1.7909399751589588,3.676826614749902,2.059297315143329,-0.9324699426293195,-4.522079491029529,2
0.4692808029003605,0.1370680819303695,2.3690194615930604,-1.0203754119483373,-2.0868260073119105,2.2675405278682628,4.829655853115959,3.4434832528133286,-3.358873805057902,-2.5590706832429557,2
-0.8095577470801978,1.0269435378490264,2.847188082027862,0.2965730483705963,-1.8500785920867697,1.2198965928554013,4.784543373281497,1.9972083446051383,-3.793828187084811,-4.958216394803359,2
-0.7416163375710736,0.07853633386283593,2.785339215718445,-0.7466243361765772,-0.5701084193921557,0.06701313429682809,3.226137508133135,3.4390853775019163,-1.3306495459785483,-4.012368779956721,2
-0.9186074768435097,0.8996975608743167,1.942251161320186,-0.031317251884995456,-2.0313276599959353,0.9181437400271117,4.0150697847915024,2.744768898003055,-1.1079214427355917,-4.006898484256906,2
1.309708416788081,1.4703093081134218,2.0773687710605135,0.052385802350851884,-2.9113768560334714,3.2893590783178404,3.8186459177580234,2.5883870348557596,-2.0955443683160833,-2.4702562402179677,2
0.8060976095002558,-0.31958761523084234,2.2385998009819414,0.7751545672111031,-3.5349550672817376,2.1143663563769852,1.7856873383546397,1.0111954837243127,-1.119654800068951,-3.1850030870755863,2
-0.18078163970813893,0.6534245318690366,0.5272387853059535,0.9730814372683225,-0.7365138878927591,1.142595103305002,5.113829202644396,2.8636184457702702,-1.7594779997649397,-3.7596876314061274,2
-0.49071441720285053,-0.47054717080241887,3.3112251331038913,0.07579725362180634,-0.32319639147614754,-0.37624231319960355,2.818014406122071,2.1662835071756565,-3.215253418363795,-4.666345611248769,2
2.6973459232696078,-0.0020436246892596155,0.3137278633507632,1.1268370437223787,-3.2425663408187337,2.6844130486389877,3.553844495361553,3.5626692164594185,-1.9068956973665332,-2.3382619046573008,2
0.27321671259754216,-0.3913725548139186,1.5033942549642039,-0.22056779139695015,-0.5027994787180485,1.7777042661632312,6.141374612292785,3.0763870501377233,-1.6870979698777369,-2.6209366553179656,2
-0.29668955956681137,-0.2824252433073944,1.7969302335114699,0.8203442446362549,-1.3377900241110268,0.44092918054802743,3.2326440619219614,2.043569227513869,-1.2314514721737728,-4.25875011437905,2
-0.6125266644540603,-0.11238040517244952,2.363831048396189,0.6893526096646561,-0.33272163659103904,-0.2498319842640253,4.622249504449973,2.0185006079091705,-2.506346735431038,-4.519933841088628,2
0.43282418166780884,-0.6888780137630353,0.8626785257864213,1.297337068214045,-2.1372151743815424,0.011404233896045834,3.693202480670476,3.5201312173413197,-2.611350078332681,-5.058986201120815,2
0.7040850884216159,-1.5908663466771849,0.9289107608141867,0.7323255709937182,-0.6188000258038361,0.9350250691889845,4.749071541231653,3.3885673506689287,-0.7659003054717861,-3.8958083230935974,2
0.8137730095501393,-0.9013723995376881,1.3090228887081041,1.2372169126632853,-1.8215403017902712,0.8399114139314259,4.5886316045527,2.5398238281149803,-2.9110563219032106,-4.196782560371005,2
0.38106797818668847,-0.40777653222140564,0.6873338462511769,1.301084548018201,-1.3033961933208902,-0.010504089595856803,3.6582067825481177,3.1397901363065053,-2.070480746663385,-4.273099378686825,2
0.972629403852618,-0.15693760285895753,2.3708880298300743,-0.07066774631923278,-3.0683336798173295,2.8129873263391127,3.7714574312809983,2.5786361897510885,-3.0849195674382344,-3.4169076180913915,2
0.4991711362796501,-0.3414991531124783,1.888371759970697,1.0595130359499978,-1.7851418227480567,1.5657149205086316,3.727103767459596,1.6993672414546117,-2.069196128381407,-4.059926781106083,2
1.444090587430629,-0.7472467171780026,1.8093809493950412,0.13615100140088665,-0.3382239513216767,0.856018180465192,4.522615340693202,4.098117173891856,-1.859529111924556,-3.346818181588432,2
0.35095268206468827,0.03153069916697282,2.0325858166592257,0.15728824345169942,-1.5138067682485854,0.27649441869609614,2.513890451839649,3.822578253957068,-2.341847538281207,-4.437363331793971,2
0.48510101203066525,0.6824500398009516,2.238379331236251,-0.39049352327203524,-0.17061496129188014,0.580998563937294,4.4544901526912,3.7684822206505304,-2.736938160951879,-2.938546489847683,2
1.296689519884284,0.002376430666550744,2.2723254680595173,0.09095428375945835,-2.181268493422621,1.7401633317998662,2.6001800900415537,2.7780524248663374,-2.330110062338845,-2.942307052185179,2
0.9835506428206049,-0.20049256982184965,1.4586258429231602,-0.11386807675810579,-0.42187920834144,0.7577592835647726,3.5583464322588516,4.199747658762307,-1.5667134053284064,-2.946570972198953,2
-0.2220271130931311,-1.132527621594169,2.1618544189892264,0.3751534119746249,-1.5760615593745784,1.5223720999049497,4.378914496262179,2.0919561142793937,-1.747258190209553,-4.492485130972322,2
-0.2893023501515906,-0.6654174566045957,3.236097571563157,-0.3015281106673957,-3.5319323476809306,2.187534961269106,2.2640148274521734,0.9669127045384023,-2.168290654689802,-3.6106731753339094,2
0.9597536345884821,-1.154457332194047,1.2373090768625963,1.134621843135824,-1.0996130155042607,1.3401844170092554,5.116078780653721,2.7289425489445613,-3.0391701955147634,-4.203702451015904,2
1.4537232638125979,-0.23782517796829156,1.887792354118245,-0.6489010460295659,-1.102370889346627,1.538060758985005,4.3434400375862845,4.139755670576107,-2.9490229879403262,-2.161877656820165,2
0.34695793829042143,-0.004897985399027471,1.5175532700292658,0.9649726307950083,-2.1907604212164244,2.2726260014967474,4.930773997043265,2.2018473938178187,-2.0618299897001187,-4.342671298670115,2
0.9290390324360709,0.47352907784839254,2.647237201619329,0.5086118189361075,0.01508241082152173,0.4915899463083441,4.3464517223840975,3.3058328596489015,-3.292093354110124,-4.290205224186854,2
-0.13767951665261396,0.061541624997215105,2.071274890133491,0.6154438971144738,-3.1062647199316498,2.1188835452826376,4.390272907914876,1.0156679528981922,-2.485762950463964,-3.502515746568286,2
-0.12466065584957281,-1.069323432679978,2.1956789967507135,1.1155063315571807,-3.571368046731317,1.3497334501888556,2.7021290631259176,2.2799100469284386,-1.9508838121848524,-6.367183484450514,2
-0.22029909755995353,-0.5237200294540136,2.9401836583113257,0.5014065032202553,-2.1128438174705013,0.17304106950933762,2.4150020206674414,2.52814897872567,-3.353636856923706,-5.659731920106003,2
0.7633917682672986,-1.0759173832398043,1.8360675997469351,0.3252531013447442,-3.2019922370942453,1.2146212103669323,2.2797146455413584,3.083965063015541,-1.5242715380054732,-4.061465096430774,2
-0.036218249821765636,-0.09130596383717682,1.6165113374553244,-0.2519876833795023,-1.1245541090082933,1.0804723098193427,4.032231060464779,3.8872245958193075,-1.521648870335428,-3.863401968406509,2
-0.7447970155166972,0.1120111923522264,2.527593929514085,0.14758942066376463,-0.6287186532782622,-1.2643507744254099,3.0805556243413204,3.3475589649539974,-2.008409850333885,-4.88616050216743,2
1.2851609990267578,-0.052309051687187746,0.5221857341667133,0.23498569378288336,-0.11008576121438507,0.26032300950861975,4.472388457274107,4.684128323620628,-1.0968532947559362,-2.337727558694987,2
1.4056912649858384,-1.0770696524906977,0.9474371954664855,0.39785304866820304,-0.8831076259978715,0.8972910103195034,4.673040936013256,3.796655436858111,-2.3472351496585224,-2.779031157179972,2
0.6844273775794996,-0.1605805105510367,1.7191383599461436,0.6693257707718165,-2.956948822473566,2.597312669178532,3.3071387587910244,2.3249524939975013,-2.1274707043894843,-4.1326240874480185,2
0.08769076175468421,-0.447784484145563,1.1810183680645285,1.6402171985296317,-2.7491765622773707,0.7589315070280751,3.602265513519666,1.9206610210145407,-2.1644838648056526,-4.939145687934473,2
0.5359853955287509,-0.6991288111099698,2.883080040319432,0.3592856907629767,-4.53917790694746,2.6139357139967614,2.445336705616536,1.0403165311789424,-2.966672912483203,-3.9253686138223425,2
0.30492234656863193,-0.8627415660447012,1.6339394960406655,0.7264330129066654,-3.0060666380651107,1.840372587499795,2.905061546802586,1.4816190426864866,-1.4762804410754682,-3.4811233829367145,2
0.3769549020648734,0.11827605747816722,0.25126644729558967,0.32345424057260647,-0.46131047265286473,1.33839549088657,4.890474479016523,3.4489701980211045,-0.3569992598442584,-2.257771527087759,2
1.2057538273446111,-0.673402540370839,1.7304553105472584,0.16964953554829587,-2.8664156042512916,2.16933595391658,3.763865821359145,2.4802397474203453,-1.7202338009361156,-2.522046910218773,2
0.20745663507957438,-1.9990395518422115,2.552603491215912,0.4224645049885827,-1.2201753813796785,-0.33939924174145575,2.8589162658715237,1.5089457091247704,-0.823826747678833,-3.2618621854870025,2
0.38926341442763385,0.27198413733075616,1.2611501869735657,0.021340521107195587,-0.809344071699825,2.1310709231493243,6.502979852400722,3.4084936345158434,-2.475398753488467,-3.093830432269237,2
0.7011016801029086,0.9046306611081465,1.537778120239222,-0.10401695686769624,0.1863438915921123,2.729883627856503,6.022743132255025,3.5435270722961403,-2.496530948508577,-3.0062559377473606,2
1.2627703879688432,0.012216230639912229,1.1047586998644205,-0.9997952747187884,-1.5608072639778996,2.787578236517851,6.255628246664826,4.21975452097842,-2.6090305846553044,-1.1524718568895005,2
1.0698075069190751,-0.614968120617944,1.3670363378518071,0.607125913662355,-2.8198095887811165,2.607758792447559,5.196394991256902,2.912954428630895,-3.2831881306996316,-3.8522613262181657,2
1.159031306466339,0.7662290925331956,3.505445665484918,0.6170959144127582,-4.320409433833832,3.7310163807932666,2.8294085070727975,0.222279093174111,-3.580692958314045,-3.435764264306323,2
1.829179838430094,-0.1822049244813566,0.4300015653659126,0.2355773481487661,-1.4605294754943576,0.5559292511500938,2.946777025934356,4.751865258500711,-1.442406421713648,-2.0777359331480847,2
0.3096419086819652,0.40765086307394577,2.2334120028637012,0.9051041855179447,-0.7352359809425266,0.7332587673994309,4.150904910025012,2.59881945293139,-3.1840329629301976,-4.763446742402987,2
0.13225413534820002,-1.8592547864743523,-0.053835165205718516,1.3357384927654932,1.79433152699419,-1.8172935276128102,6.495390990375643,4.106077672284798,-1.1200577350818182,-4.017623062847676,2
-0.41270943128286536,0.48530156758210324,2.243005447976494,-0.028462025137468316,-0.10248874079747572,2.3117275838024653,6.113786627457554,2.14435811812719,-2.13643007716883,-3.6198396943741398,2
-1.4494978165275814,-0.4456773010154051,2.393239394501751,-0.2682007836790311,1.9587761352593842,-0.33306913782080505,6.053950485516818,2.731594930823141,-1.6635800342940026,-4.200524169948257,2
0.9773779340721092,-1.415327128079182,0.7434872326431916,1.4204072931742995,-1.7052755279469756,1.3822465003033058,4.776593505525085,3.2232325713221894,-2.31639524217279,-4.901013304918319,2
-0.5908405896047706,-0.08627402486927543,1.3505701284774758,-0.29442363289923545,-1.0403156457686675,1.4221673196802778,6.2021512870003255,3.5600302450576797,-1.8273125887513861,-3.6948237046560157,2
-0.008332671015736759,0.8116201358790893,2.325958558337538,-0.12398918481884358,1.1112494803801776,0.3109504835616327,5.3718237841776535,3.0042535744994794,-3.0979826841084206,-3.0406933474185838,2
-0.7188164400003438,-0.5527900278979977,1.26715954856716,-0.00737995728450902,-1.3162202057133874,0.19006172980679947,4.07353700624051,3.849633882567692,-1.4850231530873974,-4.501425940686909,2
0.6403729431927763,-0.08789120026337938,1.9829651897689384,0.5959284711681943,-2.3733800438396355,0.21703176967076454,1.4091073874000513,2.934172088880197,-1.821888150880241,-4.019465091405131,2
-1.7306586878295425,-0.07492069060860768,1.5817171351552093,-0.1494509787420083,-0.5380988711353387,0.8784249355740585,6.92688878914251,2.58473027838185,-2.387066360063945,-4.223593067960472,2
1.5855171419512928,-0.8385254448904309,0.9100538580627086,1.0585242078354202,-0.8764654348151185,0.5776269035727006,3.45281847002268,3.5128348184847455,-1.8313985502283465,-3.3764968601861858,2
1.5050853755867066,-0.29827473128323884,1.9851188507201951,-0.12931945978607584,0.4398370286036901,0.21536935885123976,3.7957067182909356,4.903097321089829,-2.4576447334326077,-3.4951774794106027,2
2.3579308327816455,-0.2773073873124772,2.5256573973741534,-0.5338405088600349,-3.2704897928491548,2.3116041862763312,2.8753825740131638,2.962727322486975,-3.213388468282145,-1.2455215796783516,2
-0.031515579775893865,0.5184717236557059,2.8616215801642375,0.5167138626950989,-3.0055151476531345,2.0745883931129487,3.7469824789546466,1.3598173914422398,-3.2285919126772775,-4.4050430688852265,2
1.4128964761083078,0.44169752168590665,2.7138426761155436,-0.16507448954274828,-3.1613675134454704,3.500094795102109,4.815543947231792,2.7298937403678805,-4.145437725299243,-3.3780818636337266,2
0.15489327472428074,0.030374341377195635,2.4631908034908863,0.3379188389512456,-1.5416095976968454,1.399076525848475,3.8887580607855257,2.3740526178657433,-2.4629915998843708,-4.267378335696596,2
0.7258806235602624,-0.8998861612801081,1.0796319457292123,1.1687422055480918,-0.5234084859388988,0.5247990054159513,5.349061279848074,2.7853024036418885,-1.7754713205043846,-3.7692854564599765,2
1.039444623401253,-0.6558723273293855,0.8598471777601353,-0.17745991859884325,-1.9751719832542007,2.2187873627063075,5.489011548247126,4.1733630031522315,-2.4978290984517093,-2.8672284702782704,2
-1.0881463607968873,-0.6674187882564898,1.9260809836358874,-0.3759768676349905,0.6369789412277076,-0.5530039737934649,3.96915359127509,5.061250960265027,-1.1403459028282725,-5.960862561877036,2
2.285240354997006,-1.4664384102191417,2.9148627223702546,0.1555746452216601,-1.772137285418446,1.7527252097455706,2.472544607681079,3.262204684452145,-3.3595005467106267,-3.7693570667985505,2
-0.0301246547392634,0.5043801185137768,2.2654241383073175,-0.16395165385746652,-0.43366648323649204,0.0666269641537447,3.1127344437324216,3.5681044132375463,-1.9488818224153979,-3.7999252628580082,2
1.3256154917301632,-0.7964619622670067,0.8874385969176728,0.6428844329379115,-1.1910001919417343,0.9522461913609434,4.2337013565210855,3.4362939192043767,-1.5793299169530934,-2.817734550240395,2
1.391732386671576,-0.935777881086848,1.8879444016345783,0.33203396216459174,-1.9456006966092185,1.781338815103673,3.024929421983849,2.944555059812312,-2.0525767637564245,-3.342262896894953,2
0.15562080152738086,-0.5268019633705825,3.4453740845675704,-0.8139575729397144,-1.1831050216495291,0.48003411672694973,2.0929042304624814,3.475115847130083,-1.9262235015043108,-4.175092794319072,2
-0.3516628437679669,0.23576034326654566,1.9338973884404946,0.749760866850353,-1.9432248980183533,0.7787547283664548,3.3181315799245175,1.7530545061524867,-2.265701791437346,-4.088242161821745,2
0.2179812562366164,0.1233627098629218,2.0271922801361932,1.1472516171552778,0.037073670592529195,0.9227384428022223,5.312840866623901,2.555211962209021,-3.0488397604672963,-5.122013659660324,2
-0.22436997061242142,-0.7998972274423466,0.7800913273676364,0.7250426200261687,0.2532654476305576,-0.7345409222340102,6.027854665771761,3.8163853003745665,-2.453110065590265,-4.212626856580804,2
0.044216394077511434,-0.5045560047885929,0.8435861430204883,-0.038127552778142226,-0.3460900272902008,0.4960468827598007,5.573040427412354,4.268446791781436,-0.8952389507409753,-3.348626492086159,2
0.4969088076143693,-0.6399175691337221,2.0864518173114086,0.3987405738117437,-3.478324674176993,2.2553983565831155,3.8079664248625016,2.3344697614355576,-1.964236337889469,-4.212062845829765,2
0.30607532991667,0.7361786309670428,2.969791665799894,0.2233140095368187,-3.1015242485691386,2.657530383056522,2.571724499157913,2.3476857706091736,-2.546488255320651,-4.967062552037789,2
0.05500319994964242,-0.07793664092156749,1.5239209339317012,-0.09364733011389903,0.0781874066749646,0.9622631573403223,6.086531859328154,3.3820937441225474,-2.8039143226003933,-3.1040263852247527,2
0.20972905169716421,0.1007978684963563,2.9465162826837776,-0.07187459113963063,-3.362556090862907,3.1432460744099386,4.540729199887574,0.5408799355267235,-2.5467859162922357,-2.5720937575831258,2
1.8163072629708286,-0.3151467709524444,1.970484609207979,-0.4474690301360098,-3.5447174933863037,2.6889651435806687,3.0085533433140608,2.782040675981059,-2.362429496416701,-1.3883972124913004,2
0.7260659988968627,-0.5566166952680879,0.675678708916144,1.715860355577247,-3.156062403554083,2.656101751089661,4.968734376435963,1.30496988199473,-2.2564511017690787,-3.845477086605898,2
-0.9258756691856704,0.3505573737408764,3.5557049234797256,-0.4531301686254465,-1.706864475883485,0.7233075404226623,3.36290271424885,1.8559256547582361,-2.2850784720958,-4.205328366183694,2
0.3021953222244785,-0.9895686415440228,0.740975839425486,-0.14569970749830136,0.47319152074096515,-0.1612272361770497,6.718970897106126,4.86250566874655,-1.6833880132141392,-3.1338754362503876,2
0.5692806415212286,0.5554815871848466,1.8205444289258188,-0.20960115507961496,0.25254852689589047,0.061012124158828396,4.3551330194684095,4.2211783508104945,-2.755133551284505,-3.0875081376012337,2
0.03821176379618191,0.12825974687734415,1.5783342554273938,0.5496973462364823,-2.1865796193229152,2.5069869063182972,4.278467655679007,1.9857060494191048,-2.3053371432000196,-3.8574678300177494,2
1.2458860200605006,-0.6613398158830215,0.8578188923665264,0.016274675407215833,-2.099791031196658,1.4381860391890138,3.2990146465577164,2.624680697973724,-0.6366815221040092,-0.8455888032312995,2
0.42899283638461605,0.5211707589994634,1.8787336745691623,0.7620202535353208,-1.3013650121974776,2.084133308525752,4.788553812857575,3.114354651487483,-3.7738123770111756,-5.199012502914549,2
-0.8529698885741668,-1.4543052234937117,1.7957221730363147,1.0116264795276877,-1.1733002976762417,0.3006953537533963,4.62139881786535,0.9700774069395455,-1.673795304144517,-4.2740959173014375,2
1.9872372509260539,-0.17872820711153808,1.2106602817649925,0.7156569076187158,-3.39770056678129,2.8328552595397163,3.621516159117765,3.1554790604500105,-2.838339699343594,-3.147779705126334,2
1.4948440618448773,-0.5305244636338943,2.552499676932993,0.5136109885835141,-2.792716981744955,1.3272422173574367,2.9485102079391035,2.8771997424217868,-2.820226382167363,-3.9734847480802067,2
-0.05328569453190152,-0.5119286001366303,0.9588190778153041,0.8401915852278801,-2.1597374987966687,0.3440199857216464,2.074627486330543,3.003334631183248,0.2677889449406252,-4.212375724108079,2
0.3662734570639658,-0.9418962200142076,2.824646704598618,0.31307418683409316,0.3328604135870199,-0.21799465517768013,4.2729221641205,2.5098537686341533,-2.377183698703233,-3.9340367318753517,2
-0.7480326187321189,-0.8720590330685736,2.729313351039224,0.18555260012691133,-2.1181992864687595,0.011338388475205408,3.9444965907196945,2.4133991155952237,-3.123420174621357,-5.1317347582319615,2
0.24128303917764715,-0.7392508836906833,2.1641898126714505,0.04995150313530794,-3.5632984088665562,0.763190943903689,3.533643311576844,3.0398791718239044,-2.8483337436715797,-4.09538944325134,2
-1.5575347462028821,-1.2750121782832122,2.0436375909196114,0.21592504638903015,1.6687335125734946,-2.0118278716799467,4.180924904847753,2.5559912449973488,-0.5702851189031486,-4.294875169645451,2
1.2076361619785672,0.5927760331705421,2.3576703659207556,0.5833716298117906,-4.573081449679372,3.265924036292071,1.8927429638138988,1.6963362333342176,-1.8373053612493644,-3.5456001916565794,2
0.7695158958366458,-1.0078720433332273,0.7659925217070054,0.6665908490653478,-1.6864298432370857,0.5422804634029668,3.723243420165267,4.0750201377024435,-1.6550419598007073,-4.147130881795315,2
-0.1787553057965509,0.9365384836998563,1.515680526242316,-0.7313765652670594,-0.18009336060897563,1.4918167042018946,5.393656455375375,3.735062255656675,-1.8060722877919602,-2.390002114481257,2
0.4246623024685747,0.1363258193603754,1.7817690804701822,0.1656903509151155,-2.356438041186604,2.5581444255994734,5.211665663464441,2.647190961769023,-2.3616000937641934,-3.511583139748936,2
0.01823749346294601,-0.030866235684301135,2.617286864563642,0.7943477100775019,-2.1646430757513118,-0.6638271088450105,1.9950238031197958,1.3532896192496673,-2.3790906308035553,-3.555688551905879,2
-0.9136648657892306,-1.2689386431924716,1.8592430808540514,0.7342977322730255,-0.949551398499245,0.04081430865308744,5.186297122941786,1.5657988617037657,-1.745854777751597,-4.313081120186306,2
-0.9229226024203785,-0.2125798518836603,1.7239299530913985,0.17855359022535056,0.08936298890536487,0.884512322783451,6.688810960330151,2.5764241621217296,-3.0356160888112953,-4.163906530517087,2
-1.289627437161422,0.38171160448761127,3.018501643286545,-0.28383922837538167,-2.482719813630273,1.7003856381436329,4.469541117536141,1.6906558773210303,-2.3557828292406366,-4.574933273127872,2
-0.3906688572346823,-0.09470174099217554,1.9927212213420997,-0.0036354936375340152,-3.4279079336716585,1.9618529079037859,3.5870472675091247,2.7373383098397843,-2.042035419356503,-4.505800789270169,2
0.13365983941715726,-1.1443826525465282,1.3599745523312259,1.2484037515298336,-0.7670492179950231,-0.41679265642853824,2.6525372494996002,3.4437199460141317,-0.9071230482269264,-5.675413377276883,2
2.4084457921169617,0.5481376934023261,0.9357037959109398,0.36474317661562083,-1.622162381790226,3.5499443669309407,5.052284911382392,4.2957082508881,-3.656471171566568,-2.8886540486889825,2
-0.13715418434514176,0.26273507627388065,2.004895834198284,0.9705170070234103,-1.3795757299660094,1.6760356481352474,5.27338618932103,1.2267186941312747,-3.1736506584532727,-3.991018293053213,2
1.156923136129964,-0.7221570797616313,0.737159570155733,1.0357221006600166,-0.3054411670719095,0.16614470066291775,5.476622349901633,3.1663946008997317,-2.4622807774617526,-2.8068071235892793,2
1.133926745876297,0.02462051334809351,1.2154787955302617,0.89846447634427,-2.840919919912614,2.2874001395937853,3.0374924350305177,3.023319534370646,-2.0228707095354777,-4.118962681578315,2
0.19484407313085256,0.079212820452711,3.594045412668204,0.2010987585283625,-3.24202294953776,2.054020992671883,1.2912555173984206,0.15925374464567765,-1.999297044595507,-3.2326715414170564,2
-0.6140868452250707,-0.3127731262090008,2.1561435357308936,0.28981911032886204,-1.5872711578973797,1.45281044321826,3.8072898211367767,1.8759918467765606,-1.5599275028220738,-4.280724068649658,2
-0.9197457443677863,0.07275620423435963,0.778394518132961,0.8706112373486204,0.09950090945856127,-0.1845988414369777,5.630353189317543,3.223139861035613,-2.16940941417121,-4.681625797821507,2
1.9568192013456287,0.03199763051991328,1.2599525527525683,1.539965702417027,-5.421707534080603,2.190897371293861,0.153221218801042,2.3738980907892873,-1.0023933947639991,-3.9765003494783384,2
-1.0902810369391518,-0.9347213031713613,0.2131302891342164,1.0130708022158599,-1.3312852469219092,-0.12257510168230379,4.918080839209886,3.404882115614399,-1.0685698817266973,-5.183545612600605,2
1.2260005001058745,0.7260438198972101,0.6994998386513918,0.5764136542100019,-1.0885273607778219,1.84988424148011,4.4046912258463555,4.1501310192158645,-2.540395776873343,-3.392251390718434,2
0.2858741794664497,-0.2603029432465025,2.679035430953112,-0.6752734527950526,-0.4781928288727533,0.2398848015702162,5.174878054710849,4.19389438743926,-4.065387936319969,-3.894477086910806,2
1.1657251518337481,0.33362987126594285,1.9685022385105564,0.36284989158103065,-1.2617529305904227,2.438792213752973,4.412540804602665,2.3101136489970946,-2.398259327670024,-2.748440105463832,2
1.288069199120527,0.4120438346310303,0.26489185239638235,1.3668258957488189,-3.087165407369901,2.7611573296077623,4.519362786734119,3.1142502380874513,-1.6735847698787614,-3.763353062693964,2
1.0512782259108535,-0.6385196225984759,2.0406599155570992,0.8161779504486789,-0.9357232342543336,0.039462198427873574,3.0784227539236313,3.042171936272992,-2.0517696146200035,-4.009745796910307,2
2.0345892752167827,-0.23733771602655007,1.271927460177872,0.4486824170253365,-1.1079018955001092,1.642389265844008,3.919306488128245,3.979468958656077,-2.241292969817878,-2.838188736674281,2
-0.6611176130427678,-0.7689544920426246,2.1057086321154803,0.5933034316752908,0.9219330557529892,-1.5847172727612704,4.586893642693595,2.1875226814466378,-1.2567738194636862,-3.649039766884683,2
0.35887554194252996,-1.5056069722711012,2.2452788468384015,0.4274127814406157,-0.8779667263194586,1.242441846133087,5.267142382783366,2.1941713199690587,-2.3462481837473237,-4.004568465187636,2
0.010367551413341836,-1.7052994873861227,1.2692164905105625,0.9032017301269799,-2.006281420761019,0.3379952283042422,3.5590537971511127,3.100973099884045,-1.7064789893448045,-5.1916955080010165,2
-0.1978743375786986,0.31934188850375406,1.7150394163325116,0.8863430362319289,-2.3003272294952417,1.7623228866033405,4.232613361991044,1.4114580544135231,-2.043577948772185,-3.8757174635236606,2
0.7686730665557553,-0.242314345473573,1.0264667236232075,0.32333728060368744,-0.7136083935403564,2.002180232069777,5.275683684508413,2.703386794713383,-1.0470786096008116,-2.2381385470869573,2
-1.978815168882053,-0.3364481032502417,2.4161317248693113,-0.09117814466923208,-0.4212093716609071,-0.8791140906685273,3.6979562391774454,3.266250197155281,-2.1650659677689545,-5.997949299330289,2
0.34815485921179545,-0.3904949861080483,1.811083223903652,-0.12859915065226635,-2.128548928422567,1.172046806924879,4.481595223508877,3.2095429676519216,-2.9210366883685452,-3.320586716292117,2
0.5424966202796657,0.9063013120726731,2.339121750797372,0.8052126292968953,-1.054901085696109,2.4111245329030444,4.636196275521353,2.0332259367499974,-3.3792476917609795,-4.350142736145291,2
0.7463647347962505,0.42467213366367457,1.1775451281241551,0.4043382225846852,-1.5675877220173362,1.9605449483077613,4.182324514313585,3.849682085333191,-1.8650658134641027,-3.9662171942769975,2
0.4615338868891202,-0.6531290974285122,1.9215126974833705,0.557888718829868,-2.190305119003769,0.000283158054372068,2.9516405670450734,2.612851440765047,-2.5534371072470767,-3.6761446970017126,2
0.4638724263719696,-0.7279966852653332,1.018969085042016,0.5714858109484547,0.9333346066114816,0.8845152060361465,7.588061689405171,3.4840791491508165,-3.7147705204891395,-3.592720572474761,2
0.7277831286481646,-1.5540651863497614,1.040820027506294,0.998539657573014,-2.2895289984730334,0.23359051477789883,2.9322452101346426,3.050141161528796,-0.6394242110820791,-4.034297636437843,2
1.2701031445118152,-1.6980342964777304,1.9374903448976863,0.8092680223115659,-1.7997071395565745,0.4251936845792248,2.47912803913877,2.1004936357429704,-1.701922231572403,-3.168364182777787,2
0.03641202239750169,0.15570284376475235,2.1933973954335637,0.6463170110403025,-2.5471793267628846,1.415973560170703,3.234364717035543,2.3815155861812345,-2.0157264459328186,-4.788943279180461,2
-0.6659890785736857,-0.4497389029667602,2.255822398570891,0.024744243941617394,-1.9695113876287869,0.3385332517738445,3.1384916065023454,3.0817456164697696,-1.0478759466116843,-4.83789764933994,2
-0.6128996923241778,0.6363585334380781,1.1759776319009254,0.37418186569548467,0.495488117608357,-0.5153690560400401,3.7285179128285604,4.220591560270576,-1.462824504155817,-4.685548854574705,2
-0.4505933944272282,-0.6339004648318414,1.5787468374364444,-0.07699164148759408,0.005830256384600219,0.16440417849910638,5.338099639118231,3.806085966666492,-1.9230091046113982,-4.17261527907585,2
0.3118399806352442,-0.7623510956993447,2.4669840925004323,0.02164015416475218,0.19718680314147918,-0.012045570512045689,4.679671756800218,2.503240029417938,-1.8419352907505302,-2.895335452077693,2
1.3372840963071948,-0.5501568050580901,2.293190179323368,-0.4187515442574191,-3.3203753690649878,3.7101880929577056,5.1769976192844345,2.571744252104197,-3.478438114137285,-2.6162814315568763,2
0.49877283846346604,-0.776426242664098,1.1482360478167914,0.6495350233278309,-1.4144181093222365,1.1295297617464155,4.859153556937171,2.7664503043928317,-1.7018764045104775,-3.3703482856874625,2
-0.6511784373519851,-0.0924645187227236,2.3685156146210353,-0.7316657821183992,-1.4746494447182095,0.059908685737897205,4.162059170602001,3.10748908568058,-1.664888878716238,-3.0565505024351896,2
0.9433397237590277,-0.35916892279538726,2.3668897627604877,0.15914573559078243,-4.825678302130777,2.4271658346599336,2.9433246654477,2.5945945522094997,-2.917501936362522,-3.9879105561903265,2
-0.013029239153819261,-0.45763787801410144,2.7112614700066384,-1.2466977180327898,-2.6645641933034225,3.0083378423027414,4.9377090326855555,2.887355650139255,-2.4443082199764423,-2.9978790710425613,2
-0.8457889884034662,-1.570601108706411,2.6345252800013954,0.02115164933723701,-0.8685502320508607,-0.23821141087909536,4.9020254063900115,2.4708772836885986,-1.5449820270004633,-4.680368350764256,2
1.0118112877250927,-1.3889900640691626,3.0357960004085434,-0.22539871355206298,-1.947926164530864,1.0562967800015106,6.488402644331547,5.653594912666487,-2.268045407654943,-4.938123767079287,3
1.3213996557027126,-0.516286313685073,3.131151251091268,-0.2330942550046109,-2.0241685165494987,2.0853048131809446,5.906516903230163,3.958635495192491,-2.252867373184447,-4.523578440999062,3
0.08780196770244686,0.44909958727201416,2.689927225275786,-0.6452326311379719,-2.8401062831574695,1.4977803534300733,5.831469732866883,4.35864914288428,-2.9427969191366428,-3.8054508030074965,3
1.3842674736534162,0.3804525539246876,2.62518183679981,-0.3567501524235238,-2.5862198113045065,1.1371604170933192,6.134814624206866,3.7005172135480118,-3.555827572626946,-4.79243422879982,3
-0.9365202795587722,-0.7767816382826409,2.4768253815331165,0.8267838847055959,-2.402726555127271,2.5315897370526543,4.505783367635404,2.0807749648816842,-2.794659211721514,-4.9674258264996105,3
-0.6717905081234512,-2.730231542442418,2.8484360701953837,0.8195085667868411,-1.7892066814594236,1.2158760917244502,6.918690281421214,5.587304072759514,-3.2378251500152486,-5.525056798693294,3
0.23766159910866536,0.21601690457932732,2.896454466074066,1.0606060868682137,-2.4924334638946943,1.1944555049703833,5.6482394762016845,3.7563967547252903,-4.041320404228027,-6.668242088134376,3
0.02515089935399928,-2.131326860043347,3.174491899156255,0.4344570525158524,-1.9743963021074498,0.6286614738232577,5.877922321879482,5.980400522101093,-3.031491225158135,-6.366720385553821,3
0.03333046460824951,-0.936480060890847,2.9044912670496688,2.111312331172583,-2.1102077356857314,1.7364707056050785,5.794043097917492,4.509934243559551,-3.2360810613813604,-7.684769743491797,3
0.12196133510804819,-1.0305036767232338,3.4148840123793542,-0.3289044775220169,-2.26771615646933,2.2551390074351234,5.419907594543863,3.400203166003857,-2.3010466170648742,-3.826034416066031,3
2.052791887517029,1.0861093210304822,2.92738038783678,-1.2216711749162734,-3.270757083420372,0.6452546808689084,5.024656585982741,4.939678511918749,-3.034614747283458,-5.006670498122416,3
0.2057737146438463,0.7119988599823303,1.8974042775754563,0.20174976920646043,-2.7937233923487907,0.8881868824197517,5.394323040515933,3.277883885444306,-3.8270485986338167,-4.811562232968367,3
0.09212990289016942,-0.968864589649613,2.2854401431761264,-0.07849975037809986,-1.7821036404409605,1.0017790823390307,6.237578086671436,4.795982094749767,-2.8624458925339047,-4.5931305981743655,3
1.2393267097845846,-0.4441007940377901,2.2628138852676054,-0.44231394859261686,-2.04097958727494,0.5827617341753664,6.39494435185329,5.920288926776404,-2.3881294974613825,-4.274268672166407,3
0.9110032816006737,-1.235280474175501,4.2160606020568,0.9186895960279317,-2.9935028696524943,3.075739643743571,5.938578593673054,3.7412538369811124,-2.9916927298397544,-5.791883868548841,3
1.1917765276258732,-0.5654793993722147,2.9953317291106365,-0.6953806784708221,-1.3704295024856372,-0.23554867239117705,6.839744399930021,7.144181647298872,-2.115839283156494,-4.6447180460124216,3
0.5330453068057273,-1.308747489404437,2.6438766598760552,-1.4526070165864227,-2.4069820459990967,1.1379770987642706,6.4617370857858445,5.772474821577548,-2.410616494211072,-2.738374116207634,3
-0.6214289507598445,-0.5129411646208177,2.1050909421792716,1.2174177984237122,-1.8416807657725696,1.51641312587105,5.2696082511194335,3.5640844059983605,-3.1309560227961866,-5.77885167258796,3
1.8038452330079313,-0.17934793598729715,3.114911648364555,0.5869618633877174,-3.2105639264750616,2.8290717087352126,5.44658027066274,2.286742746808499,-3.641782992046128,-5.837963423051675,3
-0.9600683581471339,0.6119456727739357,2.280821969616816,0.16897068280886846,-2.9177139884067462,1.1063717576131618,4.075260741836411,2.7259939157717965,-3.400007300954868,-4.719133048306064,3
-0.35550508520866986,-1.5814184348665594,3.1729777649070865,2.0740674708529268,-2.291626591366594,3.4575524817835133,5.33798616891251,2.7728125648087008,-2.8281654190080214,-6.5309824805197305,3
-0.4805896105306757,-1.4979208569143725,2.22644757050087,0.2481608941970194,-2.3165064937010413,0.3473358473287249,6.914729509081479,6.182096575344792,-3.6740504048700533,-5.015015460581633,3
-0.9939632684584148,-2.7348211697653153,3.560428764911559,1.368119664661131,-1.7246763733682675,3.219451027626298,5.9483790545461845,3.576543107252751,-2.499861691750843,-5.255030476450157,3
2.6478052431010903,0.14158722688486436,2.890577639452825,-2.2322159004689284,-2.0805941760578324,0.640030475955216,5.319678990658949,4.4884741683419245,-1.871839629436926,-3.8383159637246083,3
2.328227411141853,0.46343098103911273,2.2661305197055768,-0.4979515551033915,-2.6844828146502255,0.12626562537223496,5.926657330761946,5.201091547249076,-3.7019983849816995,-6.061610710792764,3
1.3710789729547888,-0.7276766254482853,3.6959438297588125,1.2977222615770239,-2.0738949864089937,2.268167956070401,6.52817404369417,4.0841180941607735,-3.33010026414941,-6.985080065106508,3
1.872241775374558,0.5913099618370167,2.28657266433178,-1.278141270037854,-2.177537326222397,-0.6464153977902327,6.628118753024431,6.8508868382465185,-2.6298364300269776,-4.306395703557834,3
0.9222492817147221,-1.6485457192442898,2.3457194831991925,-0.7847866694488459,-1.9171757935708413,0.3272237205458086,6.754234048518705,6.689044693728685,-2.7373028239834207,-4.2287832447350455,3
0.32678880166522295,-0.9169108864867965,3.1836607570453426,-0.13242763065241436,-2.405526949197487,2.1386844934318243,5.981902103014134,4.084557293055572,-2.7194962810370127,-4.290291913811416,3
0.09788178341420695,-0.3916084771530904,3.9872007034536194,2.4529339663435126,-3.12243067421077,3.235417212268435,5.474914337209026,2.6276613667564006,-3.534598896576389,-7.130774500743099,3
1.4346355233411208,-2.6984407440475566,4.855862888936008,0.5212601943959609,-1.382923136001571,2.2728684208558416,6.494386274776753,5.588002452472798,-1.7344626825638043,-6.41065154442043,3
2.3653046479392232,-0.7359419158799714,3.364989153286225,0.5512217595903253,-2.014701305812126,1.0605298079959142,5.984780919401492,5.240839582899407,-2.9170876699781503,-7.428540875245873,3
-1.7056730572818022,-0.7946128541988533,2.301456332031325,2.1393693014928865,-2.8039854254839796,2.4201813611290444,5.084728604303905,3.093089506004625,-4.053270216172882,-6.360382372789318,3
0.8965902333956104,0.6782721876807897,2.7783326803553354,0.46154112355915883,-2.6906650413837307,1.2964865634392138,5.895196177368413,3.5960718878110653,-3.854956027094266,-6.003110534417239,3
0.3647036330981033,-1.4339652558932832,3.939324942900979,2.636759347509553,-1.6471831667296846,2.192411869160734,5.893071548021255,4.080540199444813,-2.8959682416236325,-8.509934153311258,3
0.9088163498405267,0.23601005701617372,2.4579098923738063,0.3617216174334975,-2.834612321579548,2.0805758839811666,4.901849767067203,3.812792266951962,-2.870602063842303,-5.630205360736177,3
0.5996727514764957,-0.8861733008647761,3.1875695588811968,-1.386056230415051,-2.2270716999231017,1.6816781994174927,5.088760946875759,4.388883316175901,-1.7616685654974957,-3.5582518176760285,3
0.12274403401658573,-0.18213609596751756,2.4027711484826364,0.22813946686295308,-2.1837632493514048,1.6224342925800515,5.320179617635118,4.068935056897425,-2.374836526929351,-4.463780858539833,3
1.491833575092433,-1.161159487013224,3.3150993859330287,-0.3692899175630665,-2.5179435258549625,2.358641293694052,5.7291164043448966,3.248412305257896,-2.8947683736171816,-5.039489642301147,3
1.3337239698831223,0.4147945528395788,2.0897475900583196,0.8748036429241013,-2.80194075823813,1.0462365759700143,6.770947523823621,4.162296470620778,-4.421620966921449,-6.196380565176237,3
2.4441895564766343,-0.9557758235453977,2.944272008185241,-1.5288581706795126,-2.1735862130768377,1.1146131530939654,5.409868025898993,4.879773472144796,-2.121582262261427,-4.943090183805266,3
0.257890108623301,-0.6713666528424296,3.1278222509829154,0.7270756297338928,-3.2732886901014133,2.858326689697802,5.978962358775417,2.7579687875273358,-3.7396203827194503,-5.112663630409493,3
1.3260320938239911,0.9430565593403172,2.6796724322142795,0.7390130623342972,-2.131050908904441,0.6853837269354666,6.54960798754329,4.44560619203989,-3.4740682694046088,-6.324378669102148,3
2.3250162772631997,0.05432029588517151,2.403576391580342,-1.3869450745888339,-1.7987858387698732,-1.6008295084879698,6.9681950743856635,6.822782673933538,-3.347905082556911,-5.376977517497988,3
1.9207529469283362,0.7545879846343201,2.2697283200820424,-0.16332317481531222,-2.8696795301927533,1.4611751395996748,5.47916796648794,2.8300363101314714,-3.907103326243528,-5.7175271106114804,3
0.7291988114663162,0.11181109306142034,3.451908520068469,1.657693533411722,-2.7806081844584765,2.235112257046827,6.432687821944744,3.3877083699174317,-4.073242963321983,-6.751197697567476,3
0.2238291578027244,-0.5639903318757168,1.9709408899436847,0.27857016268643436,-2.247137879777318,0.1901538581302733,6.078964225818577,5.361265160942886,-3.312401876397283,-5.048799536450759,3
0.3223177650851104,-0.03752168152428159,3.0860389985287555,1.4183133569583988,-1.9571166429083302,1.8706166633112673,5.895593717680039,4.592183746610146,-2.9225058093322898,-6.8558879348742865,3
0.6269053657443107,-0.7358174335263331,2.841338973238145,-0.5464317690648273,-1.575513875000091,1.0496068192487706,4.504267439101431,4.9912960508715685,-1.5533022914852408,-5.268823975958818,3
0.846000050224881,-0.548316826688922,3.4609115036811686,1.0561462431066082,-2.059094362515192,0.9838097632716888,6.917437767962264,5.5318819972222615,-3.1465988892613255,-6.410650785834763,3
0.7497777707956115,-1.596556350553791,3.3380113503679114,-0.4706342761610469,-1.5074012519335442,0.36596925458622254,6.595879772519273,6.4997163373470155,-2.346840613382066,-5.0510388338816865,3
-0.705663515663919,-0.49156616461000874,3.5384864726773486,4.625875804533024,-2.0550029848093296,2.5580960551744605,6.353840001788513,1.9247113766332546,-5.012214612768526,-10.02988896703631,3
-0.19222205058356745,-0.9072278363244537,2.7597111458250425,0.1326640306505647,-2.71478390012194,1.89576910033877,5.943325701431967,4.778474780920849,-3.1756806341261967,-4.698786939906538,3
1.656153117532194,-1.1384086729760527,3.8674263445917756,0.8408450601336144,-2.374543689154208,3.0004282973847594,5.860539992786599,3.0154226710517635,-2.8246125793809513,-6.179384498957182,3
1.0173368273776466,-0.07957840115488057,2.7788141268900515,-0.23305516747245703,-2.043099522261456,1.613812204273092,5.591863721827782,4.721741574492368,-2.1531358502290336,-4.990502625414611,3
2.5922295421290933,-0.19082522852021977,2.6913460728938716,-1.2159447729813764,-2.816203502560705,1.164971627335849,5.010435574122184,4.218617355698612,-3.189062936885778,-5.551886584005763,3
0.9415347827066253,0.32503090184840566,3.088016547569085,0.47946468452405533,-2.887792210533331,2.131454770042974,5.724776311013887,3.128484874873606,-3.3389704161928133,-5.402592544134595,3
1.6385791494033126,-0.10664341382864373,3.0944424725734243,-0.7394100026622703,-2.447831986278697,0.03127849784976111,6.481255227399886,6.102461689835766,-3.1655096687188045,-5.281379685681736,3
1.852592755545544,-0.8105703479574784,2.062074146974502,-2.1360610135055653,-1.8205097270180133,0.351274361674474,5.739333155457862,5.896183264962216,-2.2604274927968357,-4.049800192377401,3
-1.412302368077873,-1.1802274851973524,2.4303172710967633,2.6973887934815592,-2.6035317703006053,2.3974139409460533,5.6440069798891965,2.7633891322766786,-4.702953623795036,-7.8251624814990475,3
1.6855137837694587,-0.31758646186019135,3.3441021413724763,0.22502018786618505,-2.195355214600568,0.8871615329196441,7.8693262580365335,5.347995299137061,-3.7667592883198284,-5.6172044609112195,3
0.004604847600442441,-0.6358658001632782,3.546061003079327,0.9318301249595486,-2.6667226674477167,2.705903694620551,5.163714223766209,3.2952420385640018,-2.9051368795938384,-5.626523178764381,3
1.378218994083418,0.4170425284228002,2.792758584932095,-0.26463141607108687,-2.7139060007238607,1.832577949678445,5.527311380831306,3.8144084568476733,-2.7159001181711955,-4.288921972477261,3
0.22562140480379134,-1.429037048482801,3.279544956596165,1.3188570132359634,-2.3779459967231413,2.4039419335809105,6.014668132407638,4.505243759054828,-3.1644181298363776,-6.3795181318759075,3
0.9908556781081282,0.007796271144202227,2.828936625360854,0.12473428686149135,-2.7231586647891004,1.813639381033298,5.755022425353773,3.708725441169996,-3.0219838398820555,-4.8303160541843315,3
1.951723407808517,0.4584541994263912,2.2404721643934797,-1.5191779907487377,-2.951598473967278,0.7593457500164373,5.525087451961952,3.8752519711441633,-3.3103218642632637,-4.251827296053422,3
0.0504739098233522,-0.515640502588739,2.3911182742363306,1.8091466780917813,-2.526221263798703,1.897053347179364,5.722708638599059,3.7393638730539003,-3.9930719202619844,-7.466803894139062,3
0.3892222957574143,0.07507979914874185,2.577289934878481,1.9612212263827562,-2.487997613529021,1.8513154131034804,5.689109180442472,3.8641536066270548,-3.927995561208859,-7.764021569374174,3
-0.6031272882348968,-0.7363634951798879,3.8123593385194665,3.0931569427461176,-1.735564812671274,1.8791554539805024,6.622870406741017,4.331290271326529,-3.7295215648386773,-8.462305464892797,3
1.077251956764658,0.4616436863851804,1.926504905097223,0.23058795393470827,-2.8836977115309006,0.8077275882642634,6.245897403511746,4.501774250159285,-3.968177525300372,-5.411598593767982,3
0.8184345062294835,0.29551686748695793,2.3492186873385963,0.6151771650640074,-2.8249467966650426,2.125023707504304,5.395306676917921,2.4765375911212,-3.6552508305543667,-5.426593893731803,3
-0.9744423313460084,-1.2675708517829287,2.693278361906529,1.0779147645677298,-1.7762415489396364,2.1318853179146577,5.747237473719967,4.353903094507443,-2.372936699866139,-5.0641349038014924,3
0.2523946749674256,-0.5816755634414442,3.807832199726846,1.746846395379143,-3.37593289661988,3.714332954781785,6.599909443432297,1.8327201004177098,-4.648497132047368,-6.308435822674619,3
2.836534038681079,-0.434200793657574,3.151063969006493,-1.7909583326555643,-2.802944476958362,-0.2229788842931708,7.295959660442142,7.135186685548576,-3.2798393399414687,-4.754568183948539,3
0.5739762306804959,-0.6364972998921992,3.1909617780714967,1.9809126705738875,-2.41033028895002,1.8376294760021965,5.646829292262595,4.282672243378847,-3.6241683548332695,-8.131252038702133,3
0.46049957045787765,-0.7978796262342369,3.5506625327384254,1.1012494683266247,-2.1091780712197603,1.765755736070584,5.6610082208469965,4.812035707825297,-2.6245167474173297,-6.617571712865063,3
0.6468939353114145,-0.325062176994667,3.345596175898443,1.5501252961762142,-3.070414644332481,2.431102545511135,6.181896816819237,3.229752291018137,-4.1077263917622355,-6.77478439613869,3
1.5919075883832299,-0.705219443086197,3.592976863633469,0.9890148564032979,-2.3100690040109226,1.4300693748307916,6.776458540895563,5.148375316467388,-3.5097356635479473,-6.712934015503979,3
-0.16723592150371824,0.5129848416167849,2.627578448964077,1.5687907204426055,-2.4568945940265134,2.5330722930113527,4.872909000906358,2.3543630695935027,-3.478749932553823,-6.50814976666182,3
0.7338540213328304,0.23460303249316694,1.6521749946796138,1.247452351498285,-2.752714104997366,1.524145689445237,5.5117195523040365,3.371150231068935,-3.7742444976529153,-6.077086170789572,3
1.8905765014792795,0.04692269705970964,3.9353474121770016,0.8682519488684521,-2.221755565484325,1.1283701299709024,5.954225190961262,5.39913611107258,-2.9265553809560267,-7.607596963210028,3
0.6088216877300571,0.05377399751635592,2.2055776869338635,-1.1783548652843616,-3.117463432056291,1.6798090296197423,3.885926964051417,3.1671211185371746,-2.6334996662882144,-4.08020925276217,3
1.0517193832402683,-1.2159732600693067,2.997318434278728,1.1406859612870104,-2.343510976318524,2.1284625530141392,6.3063343741095155,4.602446583061766,-2.9153716222509254,-6.43747422461851,3
-2.084848086434685,-0.23589560370682056,2.168912442270754,2.7783839093938427,-1.7226319443296318,2.6593856881999915,3.732549482063728,1.8325973697305233,-2.600793103558248,-7.146566496227133,3
-0.5047540388614251,-1.3131200745040994,2.784943012630185,0.5635893429939917,-2.451610943811012,2.3215736546729624,4.8617335440945535,3.0842309632851785,-3.1505553306609526,-5.354558421764128,3
0.12957964337063088,-0.23366529998190227,2.907975750056477,1.146877425791101,-2.164175810590248,1.2451551417232503,5.9011585144893255,4.98049742749014,-3.2791398391561586,-6.540513897193534,3
1.0852260753866094,-1.3791671706670106,2.4210640925473594,-0.4610657055387617,-2.067259861598058,0.6937094326153452,6.470972168639572,5.607582804224213,-2.7428663483228246,-4.485100706623908,3
-0.2942978681670938,0.12337880393291667,3.638192932961162,2.0684803766956357,-2.499002302767606,3.1076345964176264,5.551559490917123,2.3962423391151138,-3.1283690777488795,-6.240655573943923,3
-0.03606942436814453,-0.10792319381719939,3.884968469878984,2.6981957909024996,-2.977536207824682,2.5321449803471006,5.776190282005819,2.587165706545638,-4.133884420176651,-7.844016405744939,3
1.0284083681001852,-1.3771925209865947,2.8317430312178007,0.019296254815825642,-2.2204058582473842,1.8045951541207947,5.832341759897739,4.464356454471277,-2.8134962219536144,-5.677834680810167,3
0.008972614938300039,0.1959600710714321,2.479041117133723,1.6621586500833971,-2.6741040698365266,1.9533973401071385,5.305517233440712,3.0025826001555114,-3.85104832921163,-6.688876423969141,3
-0.3289552038742036,-0.9511996560608074,2.8778411051113766,-0.8302422513994159,-2.1255685172406196,1.0456129632302797,5.461951514393123,4.856026703133432,-2.427939987171457,-3.8470458189641334,3
-2.1377136342195584,-1.961665465345623,3.520390256630426,1.6983892252141661,-2.3292630177999243,3.465713166476535,5.117440499679351,2.5980482459762744,-2.865018413616885,-5.201783258199674,3
0.006935808224687756,-1.4356589283710277,3.3711416981040525,1.2853948211496675,-2.909963474293745,2.7796521652247645,6.7387870736151925,3.5644342005978746,-4.102029738648531,-5.970670355589728,3
-0.7817282104786061,-1.5454689421268228,3.1487430482594236,0.7615768250256971,-2.5695753649535953,2.796995730060362,5.061152379991761,2.4796277701526055,-3.05594965377458,-5.367681239064017,3
2.485553487233725,-0.2300237406942493,3.4910721515916747,-0.3158604809836074,-2.528984943958589,2.265744629568143,5.989168340437678,4.870955930847305,-2.2244079794663043,-5.385678119618279,3
1.5372297682603895,-1.5365018756453108,2.8334002452665215,0.8536121078893273,-1.8370824379773039,1.1659137046293448,6.556739400742608,4.755861358555516,-3.2351110210880454,-6.788469990236281,3
0.18007076307114195,-0.39330857529259755,2.350195960014937,0.19471233850865288,-2.639550913149593,1.5449887629254981,6.193405690502608,3.4177986681857733,-3.6445739250078133,-4.4828912956130385,3
-0.42413668180518926,1.0930067875246396,1.8617587477966415,0.8744182096577711,-2.7196859509561633,1.0236888661570929,5.409158798195141,2.689308401872366,-4.1384822432194595,-5.361217672716219,3
0.667983766833472,0.4147418905836576,1.9787808602527313,-0.10722377574263697,-3.249439254373564,1.674496401306111,4.842192964258749,3.578282827602792,-3.463780506043687,-5.1640309075233155,3
0.010229517807717636,-2.623952659898456,4.692911982361958,1.3940923178551878,-0.7835113566531575,3.3968306452275296,6.257967004838109,4.791838200860863,-0.6299061647968207,-5.560736130564859,3
-1.3179488730556719,-0.14637287919860037,2.5060199756759887,2.433010058002203,-2.38878404407572,2.050835058237495,4.807949180158178,2.0150088590447712,-3.9339635271488227,-7.288405442040426,3
0.7470346691531794,-0.31882943900350874,2.5073867151415485,1.3374919095086697,-2.9372572453982713,1.6868177045945612,5.624486272062991,3.9689422491929154,-3.997612936292939,-7.192729529051153,3
0.3450123559257077,0.10783986130994705,2.728407400391613,-0.7294093204406691,-2.832206508783563,2.099740504690046,5.550236138910607,3.2479942967331015,-2.947534237910026,-3.590103388681197,3
-1.5518391914001952,1.1063057030422505,2.041203971108388,2.414035667358671,-2.9935927761988634,1.7532989971534427,4.334491167381724,1.5804557814409352,-4.4919223924465665,-7.072975501488552,3
-0.9815804836294659,-0.7581871509724296,3.3267599591905173,-0.4766642509167308,-2.5871861934950333,2.697786654104597,4.480667056055056,2.9588423968691933,-1.8562045888000993,-3.140051477774792,3
-0.31944228072847736,-0.9990622016099266,2.6759657664333014,-0.40814921631214396,-2.6274308023806103,1.2108899421159922,5.993852940926702,4.641580839181695,-3.1845920152242497,-4.035001687846855,3
-0.3719444388179829,-0.6006328624114863,2.66738834220282,0.46260253430565457,-1.8309592724554258,0.9904164934379405,5.932111514906576,5.071228668362747,-2.816736597049913,-5.030529073046156,3
-1.063618145052815,-0.825766375184336,3.2802255326070546,2.655467909974644,-2.0133080426670507,2.5034393713184224,5.588828405704315,3.411100588307244,-3.21358832429359,-7.235958814639968,3
1.228813269012037,-0.3167884400479669,1.8251066332579864,-0.48811485472363947,-2.3740206649348177,0.34087346036801924,7.065370059665886,5.9041642994781505,-3.5278924194751067,-4.646128711807116,3
1.293392245802012,-0.2826733171425381,2.7629455563024927,-0.782174291473541,-2.1171724855877483,0.36969833728353696,5.815747212106209,5.420415139560424,-2.9139233134544935,-5.320897134924331,3
-0.8820515914701224,-0.06460512964073661,1.7881608961961253,0.015668498484188498,-1.9561231423182228,1.577862271821336,4.471822192457601,2.9386944922831955,-2.2856201674545202,-3.9449798113454104,3
1.2996257158558073,1.3046556217459844,1.7539042159962812,-0.3077786224035539,-3.459424043260059,-0.13842816190109208,5.208704905131301,3.4324741275762625,-5.012221408128684,-6.189992946749841,3
0.9450237923437008,0.7117304551854969,1.311571819934776,-0.9684467826259795,-2.5187703937500525,0.09720071883644521,5.575908921276578,4.89044864445777,-3.2004601146775205,-4.325015919816604,3
0.509877347809364,-1.6024101836902136,3.321461540309035,1.6911484587495826,-2.7612494265762564,2.314721621589577,6.255353359112275,3.857620259577062,-3.7556477573448728,-6.824669048426721,3
2.5783944890555146,-1.4022808711577293,3.735679890037655,0.8621781997365638,-2.599915501777741,2.6423868182338452,6.800470316075852,4.192133352547107,-3.252596077020119,-6.744311599252731,3
-0.07593473826600539,-1.3475335468204328,2.505252593576226,0.6380275681099524,-2.9566817307553483,2.821774766489547,5.537053094591502,4.073780937018218,-2.9794763364686845,-4.935780104595001,3
-0.8277672977092521,0.0582655216290896,1.1799795936070405,1.8870874254849026,-2.6988890266802037,1.573596593324467,5.223400764034906,3.478609250592418,-4.345608342150987,-6.843424927833502,3
0.6767870253506425,-0.5764076767491306,2.899761118954625,0.7867818512114695,-2.8014765394157912,2.4769600505061105,5.80559528645861,3.1699837840379494,-3.6021864402154704,-5.598904301431881,3
0.7543898211465047,-0.22502870629886024,3.1595894751069973,0.2577284127831042,-2.98231447314366,2.838917895698053,5.940509450229842,2.8040269346899356,-3.5214001554874654,-4.917165534235599,3
0.31967934111888635,0.09330898342405991,2.8781108889771962,0.17669294272597824,-2.646030016972189,0.7262415053066782,6.126983153684762,4.837768557935787,-3.695980423568396,-5.404644524304897,3
0.751884106604283,0.21542723555866272,2.1611117485635596,1.754158659174652,-2.9675322665536688,1.4017177034088046,6.453455933528849,4.246753195557879,-4.649434504694908,-7.193510431343509,3
0.1561481603239397,0.009696045271345377,1.9391763350483977,1.3467391884518107,-2.296172902499868,1.7181262787607685,5.5854458160739835,3.6044757646069394,-3.7523259828555977,-6.4693756478489295,3
0.15994355401374527,-0.08142585606756503,1.1489548660489919,0.025330943941517525,-1.2985227787934934,0.524837893109569,4.47396967439904,4.168028046527602,-2.3830610609781218,-5.724008742671729,3
0.8840063771970422,-1.8140080071324372,3.993464809023659,0.6725038232693381,-1.9811330496304569,2.924918633861349,5.9585496447447,4.2103925750741755,-1.8903251580567053,-5.39032300442795,3
0.3767467619521634,-0.6996749377714253,3.212076714091097,0.3377364142500481,-2.209648476925688,2.7096683931272,5.654054901213084,3.296142215032426,-2.415091708638629,-4.790407905336048,3
1.3754872177916884,-1.610834251273039,3.904462361770989,0.166930974864342,-2.089430753701707,2.3137545188820754,6.336304399076869,4.235051476937999,-2.810863869583808,-5.52488834920227,3
1.068325814782091,0.26232437157602706,2.4074266655923138,1.954553304267027,-2.0201559469483965,1.1709680524518657,6.88814315155944,4.2792793256644766,-4.039590223701265,-7.3930557278883064,3
0.6643967939853873,1.27504561978414,1.7471299071510658,0.18459478341928348,-2.483756680930963,0.6025278880937699,5.340664331192221,4.049769758559773,-3.6615829184779507,-5.862558349581479,3
-0.26626630268068996,-1.1451017354318247,3.5414323917673913,1.5755947054181663,-2.248635384491658,2.4024418295181285,5.107759930755993,3.4590744974441368,-3.027953812176641,-6.994110664656531,3
0.24797277191521694,-0.763480347681983,2.548185792762265,0.3509383330187602,-2.204262417360337,2.0378844361903443,4.579786852232877,3.775611919029764,-2.4924814127077175,-5.4799946510647,3
-0.3852546775904244,-0.44422236709013113,1.9483135442099289,1.8335050005665017,-3.5061562600148957,2.9544107175847953,5.223541818004841,2.574059196520027,-4.273770373534721,-5.805207569014382,3
-1.4690611381086416,-1.1702575207140162,3.9436527860674038,2.0291034797849505,-2.6912971427306203,3.482390126671487,5.190353388365629,2.136626359949925,-3.52317153089119,-6.387101451349302,3
1.132146276516639,-0.6209831686350601,3.278813154849219,-0.9111461111312478,-2.5251182064577016,2.3572468791242516,6.3955101143542565,3.7177893052636906,-2.736689348455431,-3.967793238740531,3
0.5489793117700186,-0.13506565792372272,3.672170923570635,0.40227095202657676,-2.4168487857966428,1.9939574960103201,6.7501533418388115,3.6538880709385833,-3.108478928056158,-4.5713334232121,3
-0.86711623589939,0.14344028016869192,2.6718515262993354,0.6137720339713181,-2.6753935466331793,1.4025975176446148,5.193724882636827,3.4549023879885445,-3.2806423127562843,-5.005486360329788,3
1.1053583466914385,-0.5444675412226692,3.0310901817722207,-0.2628155928239677,-2.547740642027643,1.4594774794280394,6.256228434659408,4.835099334361975,-2.9987972098279956,-5.246436422220039,3
-1.079741282239833,-0.6300994058928777,2.0612599560926546,1.057989564918938,-2.1336842887679603,1.1050500809983914,5.749589065809584,4.239028019426654,-3.464037861475303,-5.521934291576672,3
-0.4945255475318642,-1.447731706952915,3.105223279227534,1.2678863101430795,-2.506395131930615,2.3122596450865807,4.694199881935244,3.126718047915752,-3.2579909166798053,-6.813602246084068,3
1.852617552297302,0.16167615914687095,2.2577103461533814,-0.1340894402473225,-2.8505113561076176,1.3253111979948542,6.0746424077391925,3.846451818063845,-3.5374582782496913,-5.2637120229978,3
0.886881010823888,0.5976164796809617,1.486381139823835,-0.9310075345182582,-2.54070452695975,-0.16106604152484016,5.81257702762824,5.501181142019806,-3.475185072124217,-4.555418260892841,3
0.5810038796187775,0.6936842543239404,2.5644689842208277,0.7272488946138109,-3.2961158122609593,1.790767295470398,4.993609468050896,2.6802572796846347,-3.924819054389573,-5.76343548578248,3
-0.5472731556456674,-0.9726301140421039,2.8409090177550693,3.371696179474395,-2.5354927745891893,3.410620516350244,6.385623450837479,3.2968976706738014,-4.120995758320497,-7.959944222527128,3
1.713832837041799,-0.662729324291358,3.018150796642602,-0.16131804619027246,-1.8845591263375268,1.2066917126776202,6.460714766685707,4.6361315277108215,-2.6785402728711403,-5.163286872531537,3
-0.6248733733345684,-0.5773972998477358,2.935877598829409,2.4183165909827307,-3.191143603744689,2.447577974663569,5.807668711645952,3.795354542814197,-4.301420784396488,-7.4525106922296835,3
-0.09522844582955459,0.1472382770426761,2.191172833799474,0.037081259766529207,-2.7547657834790904,1.7234987261755468,5.320843086447853,4.317795144868123,-2.9594646417699257,-4.793293040535577,3
1.359737963358227,0.13809953281230436,2.740571721416542,0.09742840816425968,-3.0933229022618116,1.8195279930898685,5.15515716811592,2.941855430969409,-3.725134778573424,-5.821961027655342,3
2.3005706925995977,-0.36462561184465725,2.843207325912212,-1.6821048555923208,-2.7636531786470133,0.5469846416876667,5.606055865911394,4.41283785317388,-3.2531418867945123,-4.584762337632252,3
-0.15167090992175902,-1.2228864884453539,2.565118051204376,-0.4117737451243306,-1.4669823777356434,1.0201406725078832,5.3544255543597865,5.6492042865546885,-1.8509802130772985,-4.896647776851024,3
2.3600937629673098,-0.5406083727047569,2.85083617391299,-1.0536442127881882,-2.5551786769262375,1.6636549031897152,4.8890133893420415,4.073092556183826,-2.419774395494468,-5.217590690127254,3
